,Time
0,1632389107
1,1632389211
2,1632389315
3,1632389419
4,1632389523
5,1632389627
6,1632389711
7,1632389815
8,1632389920
9,1632390024
10,1632390144
11,1632390248
12,1632390352
13,1632390456
14,1632390560
15,1632390644
16,1632390748
17,1632390852
18,1632390956
19,1632391060
20,1632391165
21,1632391289
22,1632391394
23,1632391478
24,1632391583
25,1632391688
26,1632391794
27,1632391899
28,1632392004
29,1632392109
30,1632392214
31,1632392319
32,1632392439
33,1632392544
34,1632392649
35,1632392754
36,1632392859
37,1632392964
38,1632393070
39,1632393175
40,1632393280
41,1632393385
42,1632393490
43,1632393611
44,1632393716
45,1632393821
46,1632393926
47,1632394031
48,1632394136
49,1632394241
50,1632394346
51,1632394451
52,1632394556
53,1632394661
54,1632394784
55,1632394889
56,1632394974
57,1632395079
58,1632395184
59,1632395289
60,1632395394
61,1632395499
62,1632395604
63,1632395709
64,1632395814
65,1632395935
66,1632396040
67,1632396145
68,1632396250
69,1632396355
70,1632396460
71,1632396565
72,1632396670
73,1632396775
74,1632396880
75,1632396985
76,1632397107
77,1632397212
78,1632397317
79,1632397422
80,1632397527
81,1632397632
82,1632397737
83,1632397842
84,1632397947
85,1632398053
86,1632398159
87,1632398281
88,1632398387
89,1632398493
90,1632398599
91,1632398705
92,1632398811
93,1632398917
94,1632399023
95,1632399129
96,1632399214
97,1632399320
98,1632399445
99,1632399551
100,1632399657
101,1632399763
102,1632399869
103,1632399975
104,1632400084
105,1632400190
106,1632400296
107,1632400402
108,1632400508
109,1632400631
110,1632400737
111,1632400843
112,1632400949
113,1632401055
114,1632401161
115,1632401267
116,1632401373
117,1632401479
118,1632401585
119,1632401691
120,1632401815
121,1632401921
122,1632402027
123,1632402133
124,1632402239
125,1632402345
126,1632402451
127,1632402557
128,1632402663
129,1632402769
130,1632402875
131,1632403000
132,1632403106
133,1632403212
134,1632403318
135,1632403424
136,1632403530
137,1632403636
138,1632403742
139,1632403848
140,1632403954
141,1632404060
142,1632404183
143,1632404289
144,1632404395
145,1632404501
146,1632404611
147,1632404717
148,1632404827
149,1632404933
150,1632405039
151,1632405125
152,1632405232
153,1632405355
154,1632405465
155,1632405572
156,1632405679
157,1632405787
158,1632405894
159,1632406001
160,1632406108
161,1632406215
162,1632406322
163,1632406429
164,1632406553
165,1632406660
166,1632406767
167,1632406874
168,1632406981
169,1632407067
170,1632407174
171,1632407281
172,1632407388
173,1632407495
174,1632407602
175,1632407726
176,1632407833
177,1632407941
178,1632408048
179,1632408155
180,1632408263
181,1632408370
182,1632408477
183,1632408585
184,1632408692
185,1632408799
186,1632408923
187,1632409030
188,1632409117
189,1632409224
190,1632409332
191,1632409439
192,1632409546
193,1632409653
194,1632409760
195,1632409867
196,1632409974
197,1632410099
198,1632410206
199,1632410313
200,1632410423
201,1632410532
202,1632410639
203,1632410748
204,1632410855
205,1632410962
206,1632411069
207,1632411176
208,1632411302
209,1632411409
210,1632411516
211,1632411623
212,1632411732
213,1632411839
214,1632411946
215,1632412055
216,1632412162
217,1632412269
218,1632412377
219,1632412502
220,1632412610
221,1632412718
222,1632412826
223,1632412934
224,1632413042
225,1632413150
226,1632413247
227,1632413354
228,1632413441
229,1632413549
230,1632413675
231,1632413801
232,1632413909
233,1632414017
234,1632414125
235,1632414233
236,1632414341
237,1632414449
238,1632414557
239,1632414665
240,1632414773
241,1632414881
242,1632415011
243,1632415119
244,1632415227
245,1632415336
246,1632415444
247,1632415552
248,1632415660
249,1632415768
250,1632415877
251,1632415985
252,1632416093
253,1632416219
254,1632416327
255,1632416435
256,1632416543
257,1632416651
258,1632416759
259,1632416867
260,1632416975
261,1632417083
262,1632417191
263,1632417299
264,1632417425
265,1632417533
266,1632417641
267,1632417749
268,1632417857
269,1632417965
270,1632418076
271,1632418184
272,1632418292
273,1632418400
274,1632418508
275,1632418635
276,1632418743
277,1632418851
278,1632418959
279,1632419067
280,1632419175
281,1632419283
282,1632419391
283,1632419499
284,1632419607
285,1632419717
286,1632419847
287,1632419955
288,1632420064
289,1632420173
290,1632420282
291,1632420391
292,1632420500
293,1632420609
294,1632420718
295,1632420827
296,1632420936
297,1632421063
298,1632421172
299,1632421281
300,1632421390
301,1632421499
302,1632421608
303,1632421717
304,1632421826
305,1632421935
306,1632422044
307,1632422153
308,1632422281
309,1632422390
310,1632422499
311,1632422608
312,1632422717
313,1632422826
314,1632422935
315,1632423044
316,1632423153
317,1632423262
318,1632423371
319,1632423499
320,1632423608
321,1632423717
322,1632423826
323,1632423935
324,1632424044
325,1632424153
326,1632424262
327,1632424371
328,1632424480
329,1632424589
330,1632424717
331,1632424826
332,1632424935
333,1632425044
334,1632425153
335,1632425262
336,1632425371
337,1632425480
338,1632425590
339,1632425679
340,1632425768
341,1632425896
342,1632426005
343,1632426114
344,1632426223
345,1632426332
346,1632426441
347,1632426550
348,1632426659
349,1632426768
350,1632426877
351,1632426988
352,1632427116
353,1632427225
354,1632427334
355,1632427443
356,1632427553
357,1632427663
358,1632427773
359,1632427883
360,1632427993
361,1632428103
362,1632428213
363,1632428341
364,1632428451
365,1632428561
366,1632428671
367,1632428782
368,1632428892
369,1632429002
370,1632429112
371,1632429222
372,1632429332
373,1632429443
374,1632429572
375,1632429682
376,1632429792
377,1632429903
378,1632430013
379,1632430123
380,1632430233
381,1632430323
382,1632430433
383,1632430545
384,1632430635
385,1632430765
386,1632430875
387,1632430985
388,1632431095
389,1632431205
390,1632431315
391,1632431425
392,1632431535
393,1632431645
394,1632431755
395,1632431865
396,1632431995
397,1632432108
398,1632432218
399,1632432328
400,1632432438
401,1632432548
402,1632432658
403,1632432768
404,1632432878
405,1632432988
406,1632433098
407,1632433227
408,1632433337
409,1632433447
410,1632433557
411,1632433668
412,1632433779
413,1632433890
414,1632434001
415,1632434091
416,1632434202
417,1632434313
418,1632434444
419,1632434555
420,1632434666
421,1632434777
422,1632434888
423,1632434999
424,1632435110
425,1632435222
426,1632435333
427,1632435444
428,1632435555
429,1632435685
430,1632435796
431,1632435907
432,1632436018
433,1632436129
434,1632436240
435,1632436351
436,1632436462
437,1632436573
438,1632436684
439,1632436795
440,1632436926
441,1632437037
442,1632437148
443,1632437259
444,1632437370
445,1632437481
446,1632437592
447,1632437703
448,1632437814
449,1632437925
450,1632438036
451,1632438166
452,1632438277
453,1632438388
454,1632438499
455,1632438610
456,1632438721
457,1632438832
458,1632438943
459,1632439054
460,1632439165
461,1632439276
462,1632439407
463,1632439518
464,1632439629
465,1632439740
466,1632439853
467,1632439964
468,1632440076
469,1632440188
470,1632440301
471,1632440413
472,1632440525
473,1632440656
474,1632440768
475,1632440880
476,1632440992
477,1632441105
478,1632441217
479,1632441329
480,1632441442
481,1632441554
482,1632441666
483,1632441778
484,1632441908
485,1632442040
486,1632442152
487,1632442264
488,1632442376
489,1632442488
490,1632442600
491,1632442712
492,1632442824
493,1632442936
494,1632443048
495,1632443160
496,1632443292
497,1632443404
498,1632443516
499,1632443628
500,1632443740
501,1632443852
502,1632443964
503,1632444076
504,1632444188
505,1632444300
506,1632444412
507,1632444525
508,1632444637
509,1632444749
510,1632444861
511,1632444974
512,1632445086
513,1632445198
514,1632445310
515,1632445422
516,1632445534
517,1632445646
518,1632445778
519,1632445890
520,1632446002
521,1632446114
522,1632446226
523,1632446338
524,1632446450
525,1632446563
526,1632446676
527,1632446789
528,1632446902
529,1632447035
530,1632447148
531,1632447261
532,1632447374
533,1632447487
534,1632447600
535,1632447713
536,1632447826
537,1632447939
538,1632448053
539,1632448166
540,1632448299
541,1632448412
542,1632448525
543,1632448638
544,1632448751
545,1632448864
546,1632448977
547,1632449090
548,1632449203
549,1632449316
550,1632449429
551,1632449562
552,1632449675
553,1632449788
554,1632449901
555,1632450014
556,1632450127
557,1632450240
558,1632450353
559,1632450466
560,1632450580
561,1632450693
562,1632450828
563,1632450941
564,1632451054
565,1632451167
566,1632451280
567,1632451393
568,1632451506
569,1632451619
570,1632451732
571,1632451846
572,1632451959
573,1632452093
574,1632452206
575,1632452319
576,1632452432
577,1632452545
578,1632452658
579,1632452771
580,1632452884
581,1632452997
582,1632453111
583,1632453225
584,1632453359
585,1632453473
586,1632453587
587,1632453701
588,1632453815
589,1632453929
590,1632454043
591,1632454157
592,1632454271
593,1632454385
594,1632454499
595,1632454633
596,1632454747
597,1632454861
598,1632454975
599,1632455089
600,1632455203
601,1632455317
602,1632455431
603,1632455545
604,1632455659
605,1632455776
606,1632455915
607,1632456032
608,1632456146
609,1632456260
610,1632456374
611,1632456488
612,1632456602
613,1632456716
614,1632456810
615,1632456924
616,1632457041
617,1632457156
618,1632457273
619,1632457387
620,1632457501
621,1632457615
622,1632457729
623,1632457843
624,1632457959
625,1632458073
626,1632458187
627,1632458301
628,1632458437
629,1632458551
630,1632458665
631,1632458779
632,1632458893
633,1632459008
634,1632459122
635,1632459236
636,1632459351
637,1632459466
638,1632459581
639,1632459716
640,1632459831
641,1632459946
642,1632460061
643,1632460176
644,1632460291
645,1632460406
646,1632460521
647,1632460636
648,1632460751
649,1632460866
650,1632461001
651,1632461116
652,1632461231
653,1632461346
654,1632461461
655,1632461576
656,1632461692
657,1632461810
658,1632461925
659,1632462040
660,1632462155
661,1632462291
662,1632462406
663,1632462521
664,1632462636
665,1632462751
666,1632462867
667,1632462982
668,1632463098
669,1632463213
670,1632463328
671,1632463443
672,1632463579
673,1632463694
674,1632463809
675,1632463924
676,1632464039
677,1632464154
678,1632464269
679,1632464384
680,1632464499
681,1632464614
682,1632464733
683,1632464849
684,1632464964
685,1632465079
686,1632465194
687,1632465309
688,1632465424
689,1632465540
690,1632465656
691,1632465771
692,1632465886
693,1632466002
694,1632466140
695,1632466257
696,1632466373
697,1632466489
698,1632466605
699,1632466721
700,1632466837
701,1632466953
702,1632467069
703,1632467185
704,1632467301
705,1632467438
706,1632467554
707,1632467671
708,1632467787
709,1632467903
710,1632468019
711,1632468135
712,1632468251
713,1632468367
714,1632468483
715,1632468599
716,1632468736
717,1632468852
718,1632468968
719,1632469084
720,1632469200
721,1632469316
722,1632469432
723,1632469548
724,1632469664
725,1632469780
726,1632469897
727,1632470035
728,1632470151
729,1632470267
730,1632470383
731,1632470499
732,1632470615
733,1632470731
734,1632470847
735,1632470963
736,1632471080
737,1632471196
738,1632471334
739,1632471451
740,1632471567
741,1632471683
742,1632471799
743,1632471915
744,1632472031
745,1632472147
746,1632472264
747,1632472380
748,1632472496
749,1632472634
750,1632472750
751,1632472866
752,1632472983
753,1632473100
754,1632473217
755,1632473334
756,1632473451
757,1632473568
758,1632473685
759,1632473802
760,1632473940
761,1632474057
762,1632474174
763,1632474291
764,1632474408
765,1632474525
766,1632474642
767,1632474759
768,1632474880
769,1632474997
770,1632475114
771,1632475234
772,1632475351
773,1632475468
774,1632475585
775,1632475703
776,1632475820
777,1632475937
778,1632476054
779,1632476171
780,1632476288
781,1632476405
782,1632476546
783,1632476663
784,1632476780
785,1632476897
786,1632477014
787,1632477131
788,1632477248
789,1632477365
790,1632477482
791,1632477599
792,1632477716
793,1632477859
794,1632477976
795,1632478093
796,1632478190
797,1632478287
798,1632478404
799,1632478521
800,1632478638
801,1632478755
802,1632478872
803,1632478990
804,1632479130
805,1632479248
806,1632479367
807,1632479485
808,1632479603
809,1632479721
810,1632479839
811,1632479957
812,1632480075
813,1632480193
814,1632480311
815,1632480451
816,1632480569
817,1632480687
818,1632480805
819,1632480923
820,1632481041
821,1632481159
822,1632481277
823,1632481396
824,1632481514
825,1632481632
826,1632481773
827,1632481891
828,1632482009
829,1632482127
830,1632482245
831,1632482363
832,1632482481
833,1632482601
834,1632482719
835,1632482837
836,1632482955
837,1632483096
838,1632483214
839,1632483332
840,1632483450
841,1632483568
842,1632483686
843,1632483804
844,1632483922
845,1632484040
846,1632484158
847,1632484276
848,1632484420
849,1632484538
850,1632484656
851,1632484774
852,1632484892
853,1632485010
854,1632485128
855,1632485246
856,1632485364
857,1632485482
858,1632485600
859,1632485744
860,1632485864
861,1632485983
862,1632486081
863,1632486200
864,1632486319
865,1632486438
866,1632486557
867,1632486676
868,1632486795
869,1632486914
870,1632487056
871,1632487175
872,1632487294
873,1632487413
874,1632487512
875,1632487632
876,1632487751
877,1632487870
878,1632487989
879,1632488108
880,1632488227
881,1632488369
882,1632488488
883,1632488607
884,1632488726
885,1632488845
886,1632488964
887,1632489085
888,1632489204
889,1632489323
890,1632489442
891,1632489561
892,1632489705
893,1632489824
894,1632489943
895,1632490063
896,1632490182
897,1632490301
898,1632490420
899,1632490539
900,1632490658
901,1632490777
902,1632490896
903,1632491042
904,1632491161
905,1632491280
906,1632491399
907,1632491518
908,1632491637
909,1632491756
910,1632491875
911,1632491994
912,1632492114
913,1632492233
914,1632492379
915,1632492499
916,1632492619
917,1632492739
918,1632492859
919,1632492979
920,1632493099
921,1632493219
922,1632493339
923,1632493459
924,1632493579
925,1632493722
926,1632493842
927,1632493962
928,1632494082
929,1632494202
930,1632494322
931,1632494442
932,1632494562
933,1632494682
934,1632494802
935,1632494922
936,1632495070
937,1632495190
938,1632495310
939,1632495433
940,1632495553
941,1632495675
942,1632495796
943,1632495915
944,1632496035
945,1632496155
946,1632496275
947,1632496419
948,1632496539
949,1632496659
950,1632496779
951,1632496900
952,1632497019
953,1632497140
954,1632497259
955,1632497380
956,1632497500
957,1632497621
958,1632497766
959,1632497886
960,1632498006
961,1632498126
962,1632498246
963,1632498366
964,1632498486
965,1632498606
966,1632498726
967,1632498846
968,1632498968
969,1632499116
970,1632499237
971,1632499358
972,1632499479
973,1632499600
974,1632499721
975,1632499842
976,1632499963
977,1632500084
978,1632500206
979,1632500327
980,1632500473
981,1632500594
982,1632500716
983,1632500837
984,1632500958
985,1632501079
986,1632501200
987,1632501321
988,1632501442
989,1632501563
990,1632501684
991,1632501829
992,1632501950
993,1632502071
994,1632502192
995,1632502315
996,1632502436
997,1632502557
998,1632502678
999,1632502799
1000,1632502920
1001,1632503041
1002,1632503189
1003,1632503290
1004,1632503411
1005,1632503535
1006,1632503656
1007,1632503777
1008,1632503898
1009,1632504019
1010,1632504140
1011,1632504261
1012,1632504382
1013,1632504527
1014,1632504650
1015,1632504771
1016,1632504892
1017,1632505013
1018,1632505134
1019,1632505256
1020,1632505378
1021,1632505500
1022,1632505622
1023,1632505744
1024,1632505891
1025,1632506013
1026,1632506135
1027,1632506257
1028,1632506379
1029,1632506501
1030,1632506623
1031,1632506745
1032,1632506867
1033,1632506989
1034,1632507111
1035,1632507258
1036,1632507380
1037,1632507502
1038,1632507624
1039,1632507746
1040,1632507868
1041,1632507990
1042,1632508112
1043,1632508236
1044,1632508358
1045,1632508480
1046,1632508627
1047,1632508749
1048,1632508871
1049,1632508993
1050,1632509115
1051,1632509237
1052,1632509359
1053,1632509481
1054,1632509604
1055,1632509726
1056,1632509848
1057,1632509996
1058,1632510118
1059,1632510240
1060,1632510362
1061,1632510484
1062,1632510606
1063,1632510728
1064,1632510850
1065,1632510952
1066,1632511074
1067,1632511196
1068,1632511345
1069,1632511467
1070,1632511589
1071,1632511711
1072,1632511834
1073,1632511956
1074,1632512078
1075,1632512200
1076,1632512322
1077,1632512444
1078,1632512567
1079,1632512715
1080,1632512838
1081,1632512961
1082,1632513084
1083,1632513207
1084,1632513330
1085,1632513453
1086,1632513577
1087,1632513700
1088,1632513823
1089,1632513946
1090,1632514094
1091,1632514222
1092,1632514345
1093,1632514468
1094,1632514591
1095,1632514714
1096,1632514837
1097,1632514960
1098,1632515083
1099,1632515147
1100,1632515272
1101,1632515420
1102,1632515543
1103,1632515666
1104,1632515789
1105,1632515912
1106,1632516036
1107,1632516159
1108,1632516282
1109,1632516405
1110,1632516528
1111,1632516651
1112,1632516799
1113,1632516922
1114,1632517045
1115,1632517168
1116,1632517291
1117,1632517414
1118,1632517537
1119,1632517660
1120,1632517783
1121,1632517907
1122,1632518030
1123,1632518179
1124,1632518302
1125,1632518425
1126,1632518548
1127,1632518671
1128,1632518794
1129,1632518919
1130,1632519043
1131,1632519167
1132,1632519291
1133,1632519415
1134,1632519564
1135,1632519688
1136,1632519812
1137,1632519936
1138,1632520060
1139,1632520184
1140,1632520308
1141,1632520432
1142,1632520556
1143,1632520681
1144,1632520810
1145,1632520960
1146,1632521084
1147,1632521208
1148,1632521332
1149,1632521456
1150,1632521580
1151,1632521704
1152,1632521828
1153,1632521952
1154,1632522076
1155,1632522200
1156,1632522350
1157,1632522474
1158,1632522598
1159,1632522724
1160,1632522848
1161,1632522972
1162,1632523096
1163,1632523220
1164,1632523344
1165,1632523468
1166,1632523592
1167,1632523742
1168,1632523866
1169,1632523990
1170,1632524114
1171,1632524238
1172,1632524362
1173,1632524488
1174,1632524612
1175,1632524736
1176,1632524862
1177,1632524986
1178,1632525136
1179,1632525260
1180,1632525385
1181,1632525509
1182,1632525633
1183,1632525757
1184,1632525881
1185,1632526006
1186,1632526131
1187,1632526256
1188,1632526381
1189,1632526531
1190,1632526656
1191,1632526781
1192,1632526906
1193,1632527031
1194,1632527156
1195,1632527281
1196,1632527406
1197,1632527531
1198,1632527656
1199,1632527781
1200,1632527933
1201,1632528059
1202,1632528184
1203,1632528289
1204,1632528414
1205,1632528539
1206,1632528664
1207,1632528789
1208,1632528894
1209,1632529019
1210,1632529144
1211,1632529295
1212,1632529420
1213,1632529545
1214,1632529670
1215,1632529795
1216,1632529922
1217,1632530047
1218,1632530152
1219,1632530278
1220,1632530403
1221,1632530529
1222,1632530680
1223,1632530805
1224,1632530930
1225,1632531055
1226,1632531180
1227,1632531305
1228,1632531430
1229,1632531555
1230,1632531682
1231,1632531807
1232,1632531932
1233,1632532084
1234,1632532209
1235,1632532334
1236,1632532459
1237,1632532584
1238,1632532709
1239,1632532834
1240,1632532964
1241,1632533089
1242,1632533215
1243,1632533341
1244,1632533493
1245,1632533619
1246,1632533745
1247,1632533871
1248,1632533997
1249,1632534123
1250,1632534249
1251,1632534375
1252,1632534501
1253,1632534627
1254,1632534753
1255,1632534905
1256,1632535031
1257,1632535157
1258,1632535283
1259,1632535409
1260,1632535515
1261,1632535621
1262,1632535747
1263,1632535873
1264,1632535999
1265,1632536125
1266,1632536278
1267,1632536404
1268,1632536530
1269,1632536656
1270,1632536782
1271,1632536908
1272,1632537035
1273,1632537161
1274,1632537289
1275,1632537415
1276,1632537541
1277,1632537696
1278,1632537822
1279,1632537948
1280,1632538074
1281,1632538200
1282,1632538326
1283,1632538452
1284,1632538578
1285,1632538704
1286,1632538830
1287,1632538956
1288,1632539109
1289,1632539235
1290,1632539361
1291,1632539489
1292,1632539615
1293,1632539741
1294,1632539867
1295,1632539993
1296,1632540119
1297,1632540246
1298,1632540373
1299,1632540549
1300,1632540702
1301,1632540829
1302,1632540956
1303,1632541083
1304,1632541210
1305,1632541338
1306,1632541465
1307,1632541592
1308,1632541719
1309,1632541846
1310,1632541973
1311,1632542127
1312,1632542254
1313,1632542381
1314,1632542508
1315,1632542637
1316,1632542744
1317,1632542871
1318,1632542998
1319,1632543125
1320,1632543252
1321,1632543379
1322,1632543515
1323,1632543642
1324,1632543769
1325,1632543896
1326,1632544023
1327,1632544150
1328,1632544277
1329,1632544405
1330,1632544532
1331,1632544659
1332,1632544787
1333,1632544932
1334,1632545086
1335,1632545213
1336,1632545340
1337,1632545467
1338,1632545594
1339,1632545721
1340,1632545848
1341,1632545975
1342,1632546102
1343,1632546229
1344,1632546356
1345,1632546510
1346,1632546638
1347,1632546765
1348,1632546892
1349,1632547019
1350,1632547146
1351,1632547275
1352,1632547403
1353,1632547510
1354,1632547638
1355,1632547766
1356,1632547921
1357,1632548049
1358,1632548177
1359,1632548305
1360,1632548434
1361,1632548562
1362,1632548690
1363,1632548818
1364,1632548946
1365,1632549074
1366,1632549202
1367,1632549357
1368,1632549485
1369,1632549613
1370,1632549741
1371,1632549869
1372,1632549997
1373,1632550125
1374,1632550253
1375,1632550381
1376,1632550509
1377,1632550637
1378,1632550793
1379,1632550921
1380,1632551049
1381,1632551177
1382,1632551305
1383,1632551433
1384,1632551561
1385,1632551690
1386,1632551818
1387,1632551946
1388,1632552074
1389,1632552230
1390,1632552358
1391,1632552486
1392,1632552615
1393,1632552743
1394,1632552871
1395,1632552999
1396,1632553127
1397,1632553256
1398,1632553384
1399,1632553512
1400,1632553670
1401,1632553799
1402,1632553927
1403,1632554055
1404,1632554183
1405,1632554311
1406,1632554439
1407,1632554569
1408,1632554698
1409,1632554831
1410,1632554939
1411,1632555095
1412,1632555224
1413,1632555353
1414,1632555483
1415,1632555612
1416,1632555741
1417,1632555870
1418,1632555999
1419,1632556128
1420,1632556257
1421,1632556386
1422,1632556543
1423,1632556672
1424,1632556801
1425,1632556930
1426,1632557059
1427,1632557188
1428,1632557318
1429,1632557447
1430,1632557576
1431,1632557705
1432,1632557834
