Time,SM10,SM45,SM80,Temp,Humd,Prsr,Lmns
2021-09-24 23:39:49,34.4827,25.5102,0.0,27.23,100.0,97.686,0.18
2021-09-24 23:41:51,34.7222,25.5102,0.0,27.17,100.0,97.691,0.15
2021-09-24 23:44:18,34.7222,25.5102,0.0,27.09,100.0,97.69,0.12
2021-09-24 23:46:20,34.7222,25.5102,0.0,27.04,100.0,97.694,0.1
2021-09-24 23:48:22,34.965,25.5102,0.0,26.95,100.0,97.692,0.08
2021-09-24 23:50:24,34.965,25.5102,0.0,26.89,100.0,97.699,0.06
2021-09-24 23:52:26,34.7222,25.5102,0.0,26.81,100.0,97.7,0.05
2021-09-24 23:54:28,34.7222,25.5102,0.0,26.78,100.0,97.692,0.04
2021-09-24 23:56:30,34.965,25.2525,0.0,26.73,100.0,97.697,0.02
2021-09-24 23:58:32,34.7222,25.3807,0.0,26.69,100.0,97.692,0.02
2021-09-25 00:00:36,34.965,25.3807,0.0,26.67,100.0,97.699,0.01
2021-09-25 00:02:38,34.965,25.2525,0.0,26.68,100.0,97.697,0.01
2021-09-25 00:04:40,34.7222,25.2525,0.0,26.63,100.0,97.706,0.01
2021-09-25 00:07:07,34.7222,25.3807,0.0,26.57,100.0,97.708,0.01
2021-09-25 00:09:09,34.965,25.3807,0.0,26.54,100.0,97.704,0.0
2021-09-25 00:11:11,34.965,25.1256,0.0,26.5,100.0,97.705,0.0
2021-09-25 00:13:13,34.965,25.1256,0.0,26.44,100.0,97.714,0.0
2021-09-25 00:15:15,34.965,25.1256,0.0,26.39,100.0,97.714,0.0
2021-09-25 00:17:17,34.965,25.1256,0.0,26.35,100.0,97.713,0.0
2021-09-25 00:19:19,34.965,25.1256,0.0,26.36,100.0,97.706,0.0
2021-09-25 00:21:21,34.965,25.1256,0.0,26.32,100.0,97.712,0.0
2021-09-25 00:23:24,34.965,25.1256,0.0,26.31,100.0,97.71,0.0
2021-09-25 00:25:26,34.965,25.0,0.0,26.29,100.0,97.712,0.0
2021-09-25 00:27:28,34.965,25.0,0.0,26.23,100.0,97.709,0.0
2021-09-25 00:29:56,34.965,25.0,0.0,26.17,100.0,97.712,0.0
2021-09-25 00:31:58,34.7222,25.0,0.0,26.17,100.0,97.715,0.0
2021-09-25 00:34:00,34.965,25.0,0.0,26.14,100.0,97.715,0.0
2021-09-25 00:36:02,34.965,25.0,0.0,26.13,100.0,97.718,0.0
2021-09-25 00:38:04,34.965,25.0,0.0,26.12,100.0,97.727,0.0
2021-09-25 00:40:06,34.965,25.0,0.0,26.11,100.0,97.724,0.0
2021-09-25 00:42:08,34.965,25.0,0.0,26.11,100.0,97.732,0.0
2021-09-25 00:44:10,34.7222,24.8756,0.0,26.07,100.0,97.729,0.0
2021-09-25 00:45:52,34.7222,25.0,0.0,26.03,100.0,97.736,0.0
2021-09-25 00:47:54,35.2112,24.8756,0.0,26.01,100.0,97.734,0.0
2021-09-25 00:49:56,34.965,24.8756,0.0,26.01,100.0,97.74,0.0
2021-09-25 00:52:25,35.2112,24.8756,0.0,26.01,100.0,97.738,0.0
2021-09-25 00:54:27,34.965,24.752399999999998,0.0,25.96,100.0,97.742,0.0
2021-09-25 00:56:29,34.965,24.8756,0.0,25.97,100.0,97.744,0.0
2021-09-25 00:58:31,35.2112,24.8756,0.0,25.96,100.0,97.747,0.0
2021-09-25 01:00:34,35.2112,24.8756,0.0,25.96,100.0,97.754,0.0
2021-09-25 01:02:36,35.2112,24.8756,0.0,25.94,100.0,97.755,0.0
2021-09-25 01:04:38,35.2112,24.8756,0.0,25.87,100.0,97.756,0.0
2021-09-25 01:06:40,35.2112,24.6305,0.0,25.84,100.0,97.76,0.0
2021-09-25 01:08:42,35.2112,24.752399999999998,0.0,25.82,100.0,97.764,0.0
2021-09-25 01:10:44,35.2112,24.6305,0.0,25.8,100.0,97.769,0.0
2021-09-25 01:12:47,35.2112,24.752399999999998,0.0,25.78,100.0,97.766,0.0
2021-09-25 01:15:15,35.2112,24.752399999999998,0.0,25.71,100.0,97.772,0.0
2021-09-25 01:17:18,35.2112,24.6305,0.0,25.7,100.0,97.772,0.0
2021-09-25 01:19:21,35.2112,24.752399999999998,0.0,25.69,100.0,97.781,0.0
2021-09-25 01:21:24,35.2112,24.752399999999998,0.0,25.67,100.0,97.779,0.0
2021-09-25 01:23:27,35.2112,24.6305,0.0,25.67,100.0,97.784,0.0
2021-09-25 01:25:30,35.2112,24.752399999999998,0.0,25.69,100.0,97.79,0.0
2021-09-25 01:27:33,35.2112,24.752399999999998,0.0,25.7,100.0,97.784,0.0
2021-09-25 01:29:37,35.2112,24.752399999999998,0.0,25.7,100.0,97.79,0.0
2021-09-25 01:31:40,35.2112,24.6305,0.0,25.69,100.0,97.801,0.0
2021-09-25 01:33:43,34.965,24.5098,0.0,25.67,100.0,97.793,0.0
2021-09-25 01:35:46,35.2112,24.6305,0.0,25.63,100.0,97.804,0.0
2021-09-25 01:38:14,35.2112,24.6305,0.0,25.6,100.0,97.806,0.0
2021-09-25 01:40:22,35.2112,24.6305,0.0,25.6,100.0,97.808,0.0
2021-09-25 01:42:25,35.2112,24.5098,0.0,25.61,100.0,97.815,0.0
2021-09-25 01:44:28,35.2112,24.6305,0.0,25.6,100.0,97.809,0.0
2021-09-25 01:46:31,35.2112,24.6305,0.0,25.55,100.0,97.822,0.0
2021-09-25 01:48:34,35.2112,24.6305,0.0,25.53,100.0,97.828,0.0
2021-09-25 01:50:37,35.2112,24.6305,0.0,25.47,100.0,97.824,0.0
2021-09-25 01:52:40,35.2112,24.6305,0.0,25.44,100.0,97.834,0.0
2021-09-25 01:54:43,35.2112,24.6305,0.0,25.39,100.0,97.841,0.0
2021-09-25 01:55:47,34.965,24.6305,0.0,25.4,100.0,97.842,0.0
2021-09-25 01:57:52,35.2112,24.6305,0.0,25.38,100.0,97.848,0.0
2021-09-25 02:00:20,35.4609,24.6305,0.0,25.36,100.0,97.85,0.0
2021-09-25 02:02:23,35.4609,24.6305,0.0,25.3,100.0,97.85,0.0
2021-09-25 02:04:26,35.4609,24.3902,0.0,25.29,100.0,97.856,0.0
2021-09-25 02:06:29,35.4609,24.5098,0.0,25.28,100.0,97.86,0.0
2021-09-25 02:08:32,35.4609,24.5098,0.0,25.31,100.0,97.863,0.0
2021-09-25 02:10:36,35.4609,24.3902,0.0,25.29,100.0,97.868,0.0
2021-09-25 02:12:39,35.4609,24.3902,0.0,25.29,100.0,97.864,0.0
2021-09-25 02:14:42,35.4609,24.5098,0.0,25.27,100.0,97.867,0.0
2021-09-25 02:16:45,35.4609,24.5098,0.0,25.27,100.0,97.876,0.0
2021-09-25 02:18:48,35.4609,24.5098,0.0,25.27,100.0,97.88,0.0
2021-09-25 02:20:51,35.4609,24.3902,0.0,25.29,100.0,97.887,0.0
2021-09-25 02:23:19,35.2112,24.3902,0.0,25.29,100.0,97.891,0.0
2021-09-25 02:25:22,35.4609,24.5098,0.0,25.27,100.0,97.897,0.0
2021-09-25 02:27:25,35.4609,24.3902,0.0,25.22,100.0,97.899,0.0
2021-09-25 02:29:28,35.4609,24.5098,0.0,25.22,100.0,97.907,0.0
2021-09-25 02:31:31,35.4609,24.3902,0.0,25.21,100.0,97.904,0.0
2021-09-25 02:33:34,35.4609,24.3902,0.0,25.19,100.0,97.916,0.0
2021-09-25 02:35:37,35.4609,24.2718,0.0,25.18,100.0,97.911,0.0
2021-09-25 02:37:40,35.4609,24.3902,0.0,25.15,100.0,97.916,0.0
2021-09-25 02:39:43,35.4609,24.3902,0.0,25.13,100.0,97.915,0.0
2021-09-25 02:41:47,35.4609,24.3902,0.0,25.11,100.0,97.911,0.0
2021-09-25 02:43:50,35.4609,24.3902,0.0,25.12,100.0,97.917,0.0
2021-09-25 02:46:19,35.4609,24.3902,0.0,25.12,100.0,97.914,0.0
2021-09-25 02:48:22,35.4609,24.2718,0.0,25.14,100.0,97.923,0.0
2021-09-25 02:50:25,35.4609,24.3902,0.0,25.14,100.0,97.917,0.0
2021-09-25 02:52:28,35.4609,24.2718,0.0,25.12,100.0,97.912,0.0
2021-09-25 02:54:31,35.4609,24.3902,0.0,25.09,100.0,97.913,0.0
2021-09-25 02:56:34,35.4609,24.3902,0.0,25.06,100.0,97.918,0.0
2021-09-25 02:58:39,35.4609,24.3902,0.0,25.06,100.0,97.925,0.0
2021-09-25 03:00:43,35.4609,24.3902,0.0,25.06,100.0,97.93,0.0
2021-09-25 03:02:47,35.4609,24.3902,0.0,25.04,100.0,97.928,0.0
2021-09-25 03:04:51,35.4609,24.2718,0.0,25.05,100.0,97.929,0.0
2021-09-25 03:06:55,35.4609,24.2718,0.0,25.05,100.0,97.942,0.0
2021-09-25 03:09:24,35.4609,24.3902,0.0,25.04,100.0,97.944,0.0
2021-09-25 03:11:28,35.4609,24.3902,0.0,25.02,100.0,97.932,0.0
2021-09-25 03:13:32,35.4609,24.2718,0.0,25.0,100.0,97.935,0.0
2021-09-25 03:15:36,35.4609,24.1545,0.0,24.98,100.0,97.935,0.0
2021-09-25 03:17:40,35.4609,24.1545,0.0,24.95,100.0,97.935,0.0
2021-09-25 03:19:44,35.7142,24.1545,0.0,24.92,100.0,97.937,0.0
2021-09-25 03:21:48,35.7142,24.1545,0.0,24.89,100.0,97.938,0.0
2021-09-25 03:23:52,35.4609,24.1545,0.0,24.88,100.0,97.946,0.0
2021-09-25 03:25:56,35.4609,24.1545,0.0,24.92,100.0,97.951,0.0
2021-09-25 03:28:01,35.7142,24.1545,0.0,24.95,100.0,97.944,0.0
2021-09-25 03:30:10,35.4609,24.1545,0.0,24.94,100.0,97.943,0.0
2021-09-25 03:32:40,35.7142,24.2718,0.0,24.92,100.0,97.943,0.0
2021-09-25 03:34:44,35.7142,24.1545,0.0,24.9,100.0,97.952,0.0
2021-09-25 03:36:48,35.7142,24.1545,0.0,24.88,100.0,97.958,0.0
2021-09-25 03:38:52,35.7142,24.1545,0.0,24.88,100.0,97.954,0.0
2021-09-25 03:40:56,35.7142,24.1545,0.0,24.87,100.0,97.962,0.0
2021-09-25 03:43:00,35.7142,24.1545,0.0,24.86,100.0,97.956,0.0
2021-09-25 03:45:04,35.7142,24.1545,0.0,24.82,100.0,97.958,0.0
2021-09-25 03:47:08,35.7142,24.1545,0.0,24.84,100.0,97.954,0.0
2021-09-25 03:49:12,35.7142,24.1545,0.0,24.84,100.0,97.954,0.0
2021-09-25 03:51:16,35.7142,24.1545,0.0,24.86,100.0,97.962,0.0
2021-09-25 03:53:20,35.7142,24.1545,0.0,24.87,100.0,97.963,0.0
2021-09-25 03:55:50,35.7142,24.1545,0.0,24.88,100.0,97.964,0.0
2021-09-25 03:57:54,35.7142,24.1545,0.0,24.84,100.0,97.963,0.0
2021-09-25 03:59:58,35.7142,24.1545,0.0,24.77,100.0,97.959,0.0
2021-09-25 04:02:04,35.7142,24.1545,0.0,24.75,100.0,97.969,0.0
2021-09-25 04:04:08,35.7142,24.1545,0.0,24.76,100.0,97.963,0.0
2021-09-25 04:06:12,35.7142,24.1545,0.0,24.78,100.0,97.959,0.0
2021-09-25 04:08:16,35.7142,24.038400000000003,0.0,24.79,100.0,97.957,0.0
2021-09-25 04:10:20,35.7142,24.038400000000003,0.0,24.81,100.0,97.961,0.0
2021-09-25 04:12:24,35.7142,24.038400000000003,0.0,24.77,100.0,97.961,0.0
2021-09-25 04:14:28,35.7142,24.038400000000003,0.0,24.76,100.0,97.965,0.0
2021-09-25 04:16:32,35.7142,24.038400000000003,0.0,24.77,100.0,97.966,0.0
2021-09-25 04:19:02,35.7142,24.038400000000003,0.0,24.73,100.0,97.96,0.0
2021-09-25 04:21:06,35.7142,24.038400000000003,0.0,24.72,100.0,97.97,0.0
2021-09-25 04:23:10,35.7142,24.1545,0.0,24.7,100.0,97.973,0.0
2021-09-25 04:25:14,35.7142,24.038400000000003,0.0,24.71,100.0,97.961,0.0
2021-09-25 04:27:18,35.7142,24.038400000000003,0.0,24.71,100.0,97.964,0.0
2021-09-25 04:29:22,35.7142,24.038400000000003,0.0,24.7,100.0,97.959,0.0
2021-09-25 04:31:28,35.7142,24.038400000000003,0.0,24.7,100.0,97.964,0.0
2021-09-25 04:33:32,35.7142,24.038400000000003,0.0,24.67,100.0,97.959,0.0
2021-09-25 04:35:36,35.7142,24.038400000000003,0.0,24.64,100.0,97.957,0.0
2021-09-25 04:37:42,35.7142,24.038400000000003,0.0,24.63,100.0,97.958,0.0
2021-09-25 04:39:46,35.7142,24.038400000000003,0.0,24.6,100.0,97.957,0.0
2021-09-25 04:42:16,35.7142,24.038400000000003,0.0,24.55,100.0,97.953,0.0
2021-09-25 04:44:20,35.7142,24.1545,0.0,24.56,100.0,97.951,0.0
2021-09-25 04:46:25,35.7142,24.038400000000003,0.0,24.54,100.0,97.955,0.0
2021-09-25 04:48:29,35.7142,24.1545,0.0,24.54,100.0,97.954,0.0
2021-09-25 04:50:33,35.7142,24.038400000000003,0.0,24.52,100.0,97.961,0.0
2021-09-25 04:52:37,35.7142,24.038400000000003,0.0,24.52,100.0,97.968,0.0
2021-09-25 04:54:41,35.7142,24.038400000000003,0.0,24.52,100.0,97.965,0.0
2021-09-25 04:56:46,35.7142,24.038400000000003,0.0,24.54,100.0,97.974,0.0
2021-09-25 04:58:51,35.7142,24.038400000000003,0.0,24.52,100.0,97.964,0.0
2021-09-25 05:00:56,35.971199999999996,24.1545,0.0,24.48,100.0,97.969,0.0
2021-09-25 05:03:01,35.971199999999996,24.038400000000003,0.0,24.45,100.0,97.964,0.0
2021-09-25 05:05:31,35.7142,24.038400000000003,0.0,24.45,100.0,97.957,0.0
2021-09-25 05:07:36,35.7142,24.1545,0.0,24.43,100.0,97.961,0.0
2021-09-25 05:09:41,35.971199999999996,24.038400000000003,0.0,24.46,100.0,97.964,0.0
2021-09-25 05:11:46,36.2318,24.038400000000003,0.0,24.48,100.0,97.964,0.0
2021-09-25 05:13:51,35.7142,24.1545,0.0,24.46,100.0,97.973,0.0
2021-09-25 05:15:56,35.971199999999996,24.1545,0.0,24.47,100.0,97.972,0.0
2021-09-25 05:18:01,36.2318,24.038400000000003,0.0,24.46,100.0,97.967,0.0
2021-09-25 05:20:06,35.971199999999996,24.1545,0.0,24.45,100.0,97.978,0.0
2021-09-25 05:22:11,36.2318,24.038400000000003,0.0,24.45,100.0,97.968,0.0
2021-09-25 05:24:16,36.2318,24.038400000000003,0.0,24.42,100.0,97.97,0.0
2021-09-25 05:26:21,35.971199999999996,24.038400000000003,0.0,24.37,100.0,97.963,0.0
2021-09-25 05:28:53,35.971199999999996,24.1545,0.0,24.35,100.0,97.967,0.0
2021-09-25 05:30:59,36.2318,24.038400000000003,0.0,24.37,100.0,97.967,0.0
2021-09-25 05:33:04,35.971199999999996,24.038400000000003,0.0,24.39,100.0,97.966,0.0
2021-09-25 05:34:49,35.971199999999996,24.1545,0.0,24.39,100.0,97.961,0.0
2021-09-25 05:36:54,35.971199999999996,24.1545,0.0,24.37,100.0,97.961,0.0
2021-09-25 05:38:59,35.971199999999996,24.038400000000003,0.0,24.35,100.0,97.961,0.0
2021-09-25 05:41:04,35.971199999999996,24.1545,0.0,24.37,100.0,97.959,0.0
2021-09-25 05:43:09,35.971199999999996,24.1545,0.0,24.37,100.0,97.963,0.0
2021-09-25 05:44:54,35.971199999999996,24.038400000000003,0.0,24.34,100.0,97.954,0.0
2021-09-25 05:46:59,36.2318,24.038400000000003,0.0,24.32,100.0,97.958,0.0
2021-09-25 05:49:04,35.971199999999996,24.1545,0.0,24.32,100.0,97.957,0.0
2021-09-25 05:51:35,36.2318,24.038400000000003,0.0,24.35,100.0,97.96,0.0
2021-09-25 05:53:40,35.971199999999996,24.1545,0.0,24.37,100.0,97.959,0.0
2021-09-25 05:55:45,35.971199999999996,24.1545,0.0,24.37,100.0,97.959,0.0
2021-09-25 05:57:50,36.2318,24.038400000000003,0.0,24.4,100.0,97.957,0.0
2021-09-25 05:59:55,35.971199999999996,24.1545,0.0,24.38,100.0,97.953,0.0
2021-09-25 06:02:02,35.971199999999996,24.1545,0.0,24.34,100.0,97.958,0.0
2021-09-25 06:04:07,35.971199999999996,24.038400000000003,0.0,24.29,100.0,97.958,0.0
2021-09-25 06:05:52,36.2318,24.038400000000003,0.0,24.29,100.0,97.956,0.0
2021-09-25 06:07:58,35.971199999999996,24.1545,0.0,24.28,100.0,97.955,0.0
2021-09-25 06:10:03,35.971199999999996,24.1545,0.0,24.29,100.0,97.963,0.0
2021-09-25 06:12:09,36.2318,24.038400000000003,0.0,24.34,100.0,97.964,0.0
2021-09-25 06:14:40,35.971199999999996,24.038400000000003,0.0,24.35,100.0,97.964,0.0
2021-09-25 06:16:45,35.971199999999996,24.1545,0.0,24.34,100.0,97.959,0.0
2021-09-25 06:18:50,35.971199999999996,24.1545,0.0,24.29,100.0,97.956,0.0
2021-09-25 06:20:55,36.2318,23.9234,0.0,24.29,100.0,97.955,0.0
2021-09-25 06:23:00,35.971199999999996,23.9234,0.0,24.31,100.0,97.955,0.0
2021-09-25 06:25:05,36.2318,24.038400000000003,0.0,24.3,100.0,97.945,0.0
2021-09-25 06:27:10,36.2318,24.038400000000003,0.0,24.32,100.0,97.946,0.0
2021-09-25 06:29:15,35.971199999999996,24.1545,0.0,24.29,100.0,97.95,0.0
2021-09-25 06:31:22,35.971199999999996,24.038400000000003,0.0,24.28,100.0,97.946,0.0
2021-09-25 06:33:27,36.2318,24.038400000000003,0.0,24.26,100.0,97.957,0.0
2021-09-25 06:35:32,36.2318,23.9234,0.0,24.23,100.0,97.951,0.0
2021-09-25 06:38:04,35.971199999999996,24.1545,0.0,24.26,100.0,97.959,0.0
2021-09-25 06:40:09,36.2318,23.9234,0.0,24.25,100.0,97.958,0.0
2021-09-25 06:42:14,36.4963,24.038400000000003,0.0,24.25,100.0,97.958,0.0
2021-09-25 06:44:19,36.2318,24.038400000000003,0.0,24.25,100.0,97.954,0.0
2021-09-25 06:46:24,36.4963,23.9234,0.0,24.28,100.0,97.949,0.0
2021-09-25 06:48:29,36.2318,24.1545,0.0,24.29,100.0,97.944,0.0
2021-09-25 06:50:34,36.4963,23.9234,0.0,24.28,100.0,97.945,0.0
2021-09-25 06:52:44,36.4963,24.038400000000003,0.0,24.22,100.0,97.95,0.0
2021-09-25 06:54:49,36.2318,23.9234,0.0,24.2,100.0,97.946,0.0
2021-09-25 06:56:55,36.4963,24.038400000000003,0.0,24.2,100.0,97.947,0.0
2021-09-25 06:59:01,36.4963,23.9234,0.0,24.2,100.0,97.949,0.0
2021-09-25 07:01:33,36.2318,24.038400000000003,0.0,24.18,100.0,97.949,0.0
2021-09-25 07:03:39,36.4963,23.9234,0.0,24.19,100.0,97.95,0.0
2021-09-25 07:05:45,36.2318,24.038400000000003,0.0,24.19,100.0,97.95,0.0
2021-09-25 07:07:51,36.2318,23.9234,0.0,24.2,100.0,97.948,0.0
2021-09-25 07:09:57,36.4963,24.038400000000003,0.0,24.2,100.0,97.949,0.0
2021-09-25 07:12:03,36.4963,23.9234,0.0,24.2,100.0,97.95,0.0
2021-09-25 07:14:09,36.4963,23.9234,0.0,24.2,100.0,97.955,0.0
2021-09-25 07:16:15,36.2318,23.9234,0.0,24.22,100.0,97.948,0.0
2021-09-25 07:18:21,36.2318,23.9234,0.0,24.22,100.0,97.954,0.0
2021-09-25 07:20:27,36.2318,24.1545,0.0,24.2,100.0,97.952,0.0
2021-09-25 07:22:33,36.4963,24.038400000000003,0.0,24.2,100.0,97.948,0.0
2021-09-25 07:25:05,36.2318,24.038400000000003,0.0,24.22,100.0,97.953,0.0
2021-09-25 07:27:11,36.4963,23.9234,0.0,24.2,100.0,97.951,0.0
2021-09-25 07:29:17,36.4963,23.9234,0.0,24.15,100.0,97.944,0.0
2021-09-25 07:31:23,36.2318,24.038400000000003,0.0,24.14,100.0,97.942,0.0
2021-09-25 07:33:29,36.2318,24.038400000000003,0.0,24.14,100.0,97.939,0.0
2021-09-25 07:35:15,36.2318,24.038400000000003,0.0,24.12,100.0,97.943,0.0
2021-09-25 07:37:01,36.2318,24.038400000000003,0.0,24.12,100.0,97.938,0.0
2021-09-25 07:39:07,36.2318,24.1545,0.0,24.11,100.0,97.936,0.0
2021-09-25 07:41:13,36.2318,24.038400000000003,0.0,24.11,100.0,97.931,0.0
2021-09-25 07:43:19,36.2318,24.1545,0.0,24.14,100.0,97.925,0.0
2021-09-25 07:45:25,36.2318,24.038400000000003,0.0,24.14,100.0,97.919,0.0
2021-09-25 07:47:58,36.2318,24.038400000000003,0.0,24.14,100.0,97.916,0.0
2021-09-25 07:50:04,36.4963,23.9234,0.0,24.11,100.0,97.916,0.0
2021-09-25 07:52:10,36.4963,23.9234,0.0,24.05,100.0,97.918,0.0
2021-09-25 07:54:16,36.2318,23.9234,0.0,24.04,100.0,97.917,0.0
2021-09-25 07:56:22,36.2318,24.038400000000003,0.0,24.03,100.0,97.921,0.0
2021-09-25 07:58:28,36.2318,24.038400000000003,0.0,24.03,100.0,97.918,0.0
2021-09-25 08:00:35,36.4963,23.9234,0.0,23.97,100.0,97.922,0.0
2021-09-25 08:02:41,36.2318,24.038400000000003,0.0,23.98,100.0,97.924,0.0
2021-09-25 08:04:49,36.2318,24.1545,0.0,24.02,100.0,97.92,0.0
2021-09-25 08:06:55,36.2318,24.038400000000003,0.0,24.02,100.0,97.919,0.0
2021-09-25 08:09:01,36.2318,24.038400000000003,0.0,24.02,100.0,97.926,0.0
2021-09-25 08:11:36,36.2318,24.1545,0.0,23.98,100.0,97.927,0.0
2021-09-25 08:13:42,36.2318,24.038400000000003,0.0,24.0,100.0,97.932,0.0
2021-09-25 08:15:48,36.2318,24.038400000000003,0.0,24.0,100.0,97.926,0.0
2021-09-25 08:17:54,36.4963,23.9234,0.0,24.0,100.0,97.922,0.0
2021-09-25 08:20:00,36.2318,24.038400000000003,0.0,24.01,100.0,97.94,0.0
2021-09-25 08:22:06,36.2318,24.1545,0.0,24.04,100.0,97.93,0.0
2021-09-25 08:24:12,36.2318,24.1545,0.0,24.04,100.0,97.921,0.0
2021-09-25 08:26:18,36.4963,24.038400000000003,0.0,24.02,100.0,97.922,0.0
2021-09-25 08:28:24,36.4963,24.038400000000003,0.0,24.01,100.0,97.922,0.0
2021-09-25 08:30:30,36.2318,23.9234,0.0,24.03,100.0,97.919,0.0
2021-09-25 08:32:36,36.2318,24.038400000000003,0.0,24.04,100.0,97.917,0.0
2021-09-25 08:35:09,36.2318,23.9234,0.0,24.11,100.0,97.91,0.0
2021-09-25 08:37:15,36.2318,24.038400000000003,0.0,24.11,100.0,97.906,0.0
2021-09-25 08:39:21,36.4963,24.038400000000003,0.0,24.07,100.0,97.911,0.0
2021-09-25 08:41:29,36.4963,24.038400000000003,0.0,24.02,100.0,97.896,0.0
2021-09-25 08:43:35,36.4963,24.038400000000003,0.0,24.0,100.0,97.901,0.0
2021-09-25 08:45:41,36.4963,24.038400000000003,0.0,24.04,100.0,97.897,0.0
2021-09-25 08:47:47,36.4963,24.038400000000003,0.0,24.04,100.0,97.905,0.0
2021-09-25 08:49:53,36.2318,24.1545,0.0,24.03,100.0,97.897,0.0
2021-09-25 08:51:59,36.2318,24.1545,0.0,24.04,100.0,97.896,0.0
2021-09-25 08:54:06,36.2318,24.1545,0.0,24.02,100.0,97.896,0.0
2021-09-25 08:56:13,36.4963,24.038400000000003,0.0,23.97,100.0,97.902,0.0
2021-09-25 08:59:09,36.2318,24.038400000000003,0.0,23.97,100.0,97.899,0.0
2021-09-25 09:01:42,36.4963,24.038400000000003,0.0,23.97,100.0,97.894,0.0
2021-09-25 09:03:49,36.2318,24.1545,0.0,24.02,100.0,97.894,0.0
2021-09-25 09:05:56,36.4963,24.1545,0.0,24.01,100.0,97.901,0.0
2021-09-25 09:08:03,36.4963,24.1545,0.0,23.95,100.0,97.896,0.0
2021-09-25 09:10:10,36.4963,24.1545,0.0,23.94,100.0,97.89,0.0
2021-09-25 09:12:18,36.2318,24.1545,0.0,23.93,100.0,97.89,0.0
2021-09-25 09:14:25,36.4963,24.038400000000003,0.0,23.95,100.0,97.891,0.0
2021-09-25 09:16:32,36.2318,24.1545,0.0,23.9,100.0,97.891,0.0
2021-09-25 09:18:39,36.4963,24.1545,0.0,23.89,100.0,97.894,0.0
2021-09-25 09:20:46,36.4963,24.1545,0.0,23.94,100.0,97.898,0.0
2021-09-25 09:22:53,36.4963,24.1545,0.0,23.89,100.0,97.891,0.0
2021-09-25 09:25:27,36.2318,24.038400000000003,0.0,23.86,100.0,97.895,0.0
2021-09-25 09:27:34,36.4963,24.1545,0.0,23.86,100.0,97.891,0.0
2021-09-25 09:29:41,36.4963,24.1545,0.0,23.84,100.0,97.902,0.0
2021-09-25 09:31:48,36.4963,24.1545,0.0,23.8,100.0,97.896,0.0
2021-09-25 09:33:57,36.4963,24.1545,0.0,23.8,100.0,97.889,0.0
2021-09-25 09:35:44,36.4963,24.1545,0.0,23.79,100.0,97.887,0.0
2021-09-25 09:37:51,36.4963,24.1545,0.0,23.79,100.0,97.894,0.0
2021-09-25 09:39:58,36.4963,24.1545,0.0,23.79,100.0,97.894,0.0
2021-09-25 09:42:05,36.4963,24.038400000000003,0.0,23.79,100.0,97.892,0.0
2021-09-25 09:44:12,36.7647,24.038400000000003,0.0,23.79,100.0,97.898,0.0
2021-09-25 09:46:19,36.4963,24.038400000000003,0.0,23.82,100.0,97.889,0.0
2021-09-25 09:48:35,36.7647,24.038400000000003,0.0,23.8,100.0,97.888,0.0
2021-09-25 09:50:42,36.4963,24.1545,0.0,23.78,100.0,97.887,0.0
2021-09-25 09:52:49,36.4963,24.1545,0.0,23.78,100.0,97.889,0.0
2021-09-25 09:54:56,36.4963,24.1545,0.0,23.76,100.0,97.883,0.0
2021-09-25 09:57:03,36.4963,24.1545,0.0,23.77,100.0,97.886,0.0
2021-09-25 09:59:10,36.4963,24.1545,0.0,23.76,100.0,97.879,0.0
2021-09-25 10:01:17,36.4963,24.1545,0.0,23.8,100.0,97.875,0.0
2021-09-25 10:03:25,36.4963,24.1545,0.0,23.79,100.0,97.878,0.0
2021-09-25 10:05:32,36.4963,24.1545,0.0,23.79,100.0,97.883,0.0
2021-09-25 10:07:39,36.7647,24.038400000000003,0.0,23.79,100.0,97.879,0.0
2021-09-25 10:09:47,36.7647,24.038400000000003,0.0,23.77,100.0,97.877,0.0
2021-09-25 10:12:12,36.4963,24.1545,0.0,23.73,100.0,97.878,0.0
2021-09-25 10:14:46,36.7647,24.038400000000003,0.0,23.71,100.0,97.87,0.0
2021-09-25 10:16:53,36.4963,24.1545,0.0,23.69,100.0,97.863,0.0
2021-09-25 10:19:00,36.7647,24.038400000000003,0.0,23.69,100.0,97.859,0.0
2021-09-25 10:21:07,36.4963,24.038400000000003,0.0,23.68,100.0,97.855,0.0
2021-09-25 10:23:14,36.7647,24.038400000000003,0.0,23.68,100.0,97.853,0.0
2021-09-25 10:25:21,36.4963,24.1545,0.0,23.63,100.0,97.856,0.0
2021-09-25 10:27:28,36.4963,24.1545,0.0,23.6,100.0,97.85,0.0
2021-09-25 10:29:35,36.4963,24.1545,0.0,23.59,100.0,97.854,0.0
2021-09-25 10:31:42,36.4963,24.1545,0.0,23.57,100.0,97.856,0.0
2021-09-25 10:33:49,36.7647,24.038400000000003,0.0,23.56,100.0,97.851,0.0
2021-09-25 10:35:56,36.4963,24.1545,0.0,23.57,100.0,97.855,0.0
2021-09-25 10:38:30,36.7647,24.038400000000003,0.0,23.57,100.0,97.844,0.0
2021-09-25 10:40:38,36.4963,24.1545,0.0,23.59,100.0,97.848,0.0
2021-09-25 10:42:45,36.4963,24.1545,0.0,23.57,100.0,97.85,0.0
2021-09-25 10:44:52,36.7647,24.038400000000003,0.0,23.62,100.0,97.851,0.0
2021-09-25 10:46:59,36.7647,24.038400000000003,0.0,23.63,100.0,97.846,0.0
2021-09-25 10:49:06,36.4963,24.038400000000003,0.0,23.61,100.0,97.841,0.0
2021-09-25 10:51:15,36.4963,24.038400000000003,0.0,23.54,100.0,97.846,0.0
2021-09-25 10:53:23,36.4963,24.1545,0.0,23.54,100.0,97.841,0.0
2021-09-25 10:55:10,36.4963,24.1545,0.0,23.54,100.0,97.835,0.0
2021-09-25 10:57:18,36.4963,24.1545,0.0,23.55,100.0,97.833,0.0
2021-09-25 10:59:26,36.4963,24.1545,0.0,23.54,100.0,97.828,0.0
2021-09-25 11:02:01,36.4963,24.1545,0.0,23.52,100.0,97.838,0.0
2021-09-25 11:04:09,36.4963,24.1545,0.0,23.47,100.0,97.838,0.0
2021-09-25 11:06:17,36.4963,24.1545,0.0,23.5,100.0,97.837,0.0
2021-09-25 11:08:25,36.7647,24.038400000000003,0.0,23.55,100.0,97.842,0.0
2021-09-25 11:10:34,36.7647,24.038400000000003,0.0,23.56,100.0,97.841,0.0
2021-09-25 11:12:42,36.4963,24.1545,0.0,23.53,100.0,97.841,0.0
2021-09-25 11:14:50,36.4963,24.1545,0.0,23.51,100.0,97.842,0.0
2021-09-25 11:16:58,36.4963,24.1545,0.0,23.5,100.0,97.848,0.0
2021-09-25 11:19:06,36.4963,24.1545,0.0,23.52,100.0,97.844,0.0
2021-09-25 11:21:14,36.4963,24.1545,0.0,23.57,100.0,97.85,0.0
2021-09-25 11:23:22,36.7647,24.038400000000003,0.0,23.6,100.0,97.851,0.0
2021-09-25 11:25:57,36.7647,24.038400000000003,0.0,23.52,100.0,97.85,0.0
2021-09-25 11:28:05,36.7647,24.038400000000003,0.0,23.52,100.0,97.852,0.01
2021-09-25 11:30:13,36.4963,24.1545,0.0,23.47,100.0,97.859,0.01
2021-09-25 11:32:21,36.7647,24.038400000000003,0.0,23.43,100.0,97.855,0.02
2021-09-25 11:34:29,36.4963,24.1545,0.0,23.4,100.0,97.859,0.03
2021-09-25 11:36:37,36.4963,24.038400000000003,0.0,23.4,100.0,97.861,0.04
2021-09-25 11:38:45,36.7647,24.038400000000003,0.0,23.4,100.0,97.853,0.06
2021-09-25 11:40:53,36.7647,24.038400000000003,0.0,23.37,100.0,97.851,0.08
2021-09-25 11:43:01,36.4963,24.1545,0.0,23.37,100.0,97.843,0.1
2021-09-25 11:45:09,36.4963,24.038400000000003,0.0,23.4,100.0,97.849,0.12
2021-09-25 11:47:17,36.7647,24.038400000000003,0.0,23.42,100.0,97.849,0.15
2021-09-25 11:49:53,36.4963,24.1545,0.0,23.45,100.0,97.846,0.19
2021-09-25 11:52:01,36.7647,24.038400000000003,0.0,23.45,100.0,97.853,0.22
2021-09-25 11:54:09,36.4963,24.1545,0.0,23.5,100.0,97.852,0.26
2021-09-25 11:56:17,36.4963,24.1545,0.0,23.53,100.0,97.848,0.31
2021-09-25 11:58:25,36.4963,24.1545,0.0,23.52,100.0,97.841,0.36
2021-09-25 12:00:33,36.4963,24.1545,0.0,23.52,100.0,97.851,0.4
2021-09-25 12:02:41,36.4963,24.038400000000003,0.0,23.54,100.0,97.843,0.45
2021-09-25 12:04:50,36.4963,24.1545,0.0,23.54,100.0,97.838,0.5
2021-09-25 12:06:58,36.4963,24.1545,0.0,23.57,100.0,97.848,0.54
2021-09-25 12:09:06,36.4963,24.1545,0.0,23.62,100.0,97.842,0.58
2021-09-25 12:11:14,36.4963,24.038400000000003,0.0,23.65,100.0,97.844,0.62
2021-09-25 12:13:50,36.7647,24.038400000000003,0.0,23.68,100.0,97.836,0.67
2021-09-25 12:15:58,36.4963,24.1545,0.0,23.69,100.0,97.846,0.71
2021-09-25 12:18:06,36.4963,24.1545,0.0,23.76,100.0,97.853,0.75
2021-09-25 12:20:15,36.4963,24.1545,0.0,23.79,100.0,97.847,0.79
2021-09-25 12:22:23,36.7647,24.038400000000003,0.0,23.87,100.0,97.852,0.84
2021-09-25 12:24:31,36.7647,24.038400000000003,0.0,23.93,100.0,97.85,0.89
2021-09-25 12:26:39,36.4963,24.1545,0.0,23.97,100.0,97.854,0.94
2021-09-25 12:28:47,36.7647,24.038400000000003,0.0,24.02,100.0,97.855,0.99
2021-09-25 12:30:56,36.4963,24.1545,0.0,24.09,100.0,97.853,1.03
2021-09-25 12:33:04,36.7647,24.038400000000003,0.0,24.18,100.0,97.85,1.09
2021-09-25 12:35:12,36.4963,24.038400000000003,0.0,24.2,100.0,97.848,1.14
2021-09-25 12:37:50,36.7647,24.038400000000003,0.0,24.22,100.0,97.849,1.18
2021-09-25 12:39:59,36.4963,24.1545,0.0,24.29,100.0,97.856,1.17
2021-09-25 12:42:07,36.7647,24.038400000000003,0.0,24.37,100.0,97.853,1.2
2021-09-25 12:44:15,36.4963,24.1545,0.0,24.47,100.0,97.858,1.22
2021-09-25 12:46:23,36.4963,24.038400000000003,0.0,24.6,100.0,97.857,1.28
2021-09-25 12:48:31,36.4963,24.1545,0.0,24.72,100.0,97.85,1.32
2021-09-25 12:50:39,36.7647,24.1545,0.0,24.82,100.0,97.861,1.35
2021-09-25 12:52:49,36.7647,24.1545,0.0,24.95,100.0,97.858,1.41
2021-09-25 12:54:58,36.4963,24.2718,0.0,25.04,100.0,97.856,1.46
2021-09-25 12:57:11,36.4963,24.2718,0.0,25.13,100.0,97.855,1.52
2021-09-25 12:58:59,36.4963,24.2718,0.0,25.23,100.0,97.859,1.56
2021-09-25 13:01:35,36.4963,24.1545,0.0,25.34,100.0,97.86,1.64
2021-09-25 13:03:44,36.4963,24.2718,0.0,25.42,100.0,97.86,1.75
2021-09-25 13:05:53,36.4963,24.2718,0.0,25.4,100.0,97.864,2.28
2021-09-25 13:08:03,36.7647,24.1545,0.0,25.47,100.0,97.869,5.77
2021-09-25 13:10:12,36.7647,24.1545,0.0,25.6,100.0,97.867,10.25
2021-09-25 13:12:21,36.4963,24.2718,0.0,25.67,100.0,97.869,10.01
2021-09-25 13:14:30,36.7647,24.1545,0.0,25.76,100.0,97.873,9.28
2021-09-25 13:16:39,36.4963,24.1545,0.0,25.87,100.0,97.87,2.73
2021-09-25 13:18:48,36.4963,24.2718,0.0,26.02,100.0,97.871,2.15
2021-09-25 13:20:57,36.7647,24.2718,0.0,26.14,100.0,97.871,2.24
2021-09-25 13:23:06,36.4963,24.3902,0.0,26.28,100.0,97.876,2.31
2021-09-25 13:25:43,36.7647,24.2718,0.0,26.31,100.0,97.875,3.6
2021-09-25 13:27:52,36.7647,24.2718,0.0,26.4,100.0,97.88,9.47
2021-09-25 13:30:01,36.4963,24.2718,0.0,26.61,100.0,97.877,14.92
2021-09-25 13:32:10,36.7647,24.3902,0.0,26.7,100.0,97.88,15.42
2021-09-25 13:34:19,36.7647,24.2718,0.0,26.94,100.0,97.878,18.58
2021-09-25 13:36:28,36.7647,24.2718,0.0,27.01,100.0,97.876,19.39
2021-09-25 13:38:38,36.7647,24.2718,0.0,26.95,100.0,97.879,19.0
2021-09-25 13:40:47,37.037,24.2718,0.0,27.14,100.0,97.876,8.58
2021-09-25 13:42:56,36.7647,24.3902,0.0,27.47,100.0,97.888,3.71
2021-09-25 13:45:05,37.037,24.3902,0.0,27.61,100.0,97.881,6.72
2021-09-25 13:47:14,36.7647,24.2718,0.0,27.76,100.0,97.893,5.74
