1632132121,2242.15,1063.82,0.00,32.95,100.00,97973.80,540.00,88,0, Mon, 21/09/20, 10:02:01
1632132226,2242.15,1059.32,0.00,32.83,100.00,97976.52,486.00,88,1, Mon, 21/09/20, 10:03:46
1632132331,2242.15,1059.32,0.00,32.61,100.00,97971.89,449.00,88,2, Mon, 21/09/20, 10:05:31
1632132436,2242.15,1059.32,0.00,32.41,100.00,97978.20,349.00,85,3, Mon, 21/09/20, 10:07:16
1632132541,2242.15,1059.32,0.00,32.25,100.00,97976.75,289.00,87,4, Mon, 21/09/20, 10:09:01
1632132646,2242.15,1057.08,0.00,32.04,100.00,97968.19,261.00,87,5, Mon, 21/09/20, 10:10:46
1632132751,2242.15,1054.85,0.00,31.79,100.00,97968.01,250.00,87,6, Mon, 21/09/20, 10:12:31
1632132856,2242.15,1054.85,0.00,31.62,100.00,97972.65,229.00,86,7, Mon, 21/09/20, 10:14:16
1632132961,2242.15,1054.85,0.00,31.38,100.00,97970.67,220.00,86,8, Mon, 21/09/20, 10:16:01
1632133066,2242.15,1054.85,0.00,31.20,100.00,97969.46,217.00,87,9, Mon, 21/09/20, 10:17:46
1632133171,2242.15,1052.63,0.00,31.01,100.00,97967.42,223.00,86,10, Mon, 21/09/20, 10:19:31
1632133276,2232.14,1052.63,0.00,30.87,100.00,97963.45,227.00,84,11, Mon, 21/09/20, 10:21:16
1632133381,2242.15,1050.42,0.00,30.79,100.00,97961.81,218.00,87,12, Mon, 21/09/20, 10:23:01
1632133486,2232.14,1048.21,0.00,30.63,100.00,97961.55,205.00,86,13, Mon, 21/09/20, 10:24:46
1632133591,2232.14,1048.21,0.00,30.47,100.00,97955.80,185.00,86,14, Mon, 21/09/20, 10:26:31
1632133696,2222.22,1048.21,0.00,30.38,100.00,97957.72,189.00,87,15, Mon, 21/09/20, 10:28:16
1632133801,2232.14,1046.02,0.00,30.34,100.00,97955.62,192.00,85,16, Mon, 21/09/20, 10:30:01
1632133906,2232.14,1046.02,0.00,30.29,100.00,97950.67,196.00,87,17, Mon, 21/09/20, 10:31:46
1632134011,2232.14,1043.84,0.00,30.29,100.00,97949.82,205.00,87,18, Mon, 21/09/20, 10:33:31
1632134116,2222.22,1046.02,0.00,30.29,100.00,97955.30,217.00,87,19, Mon, 21/09/20, 10:35:16
1632134221,2232.14,1041.66,0.00,30.30,100.00,97951.45,239.00,87,20, Mon, 21/09/20, 10:37:01
1632134326,2232.14,1041.66,0.00,30.36,100.00,97947.42,336.00,88,21, Mon, 21/09/20, 10:38:46
1632134431,2232.14,1041.66,0.00,30.55,100.00,97946.76,348.00,88,22, Mon, 21/09/20, 10:40:31
1632134536,2232.14,1041.66,0.00,30.75,100.00,97941.71,339.00,88,23, Mon, 21/09/20, 10:42:16
1632134621,2232.14,1039.50,0.00,30.82,100.00,97938.95,328.00,88,24, Mon, 21/09/20, 10:43:41
1632134726,2232.14,1039.50,0.00,30.88,100.00,97938.01,307.00,88,25, Mon, 21/09/20, 10:45:26
1632134845,2232.14,1039.50,0.00,30.87,100.00,97931.25,299.00,88,26, Mon, 21/09/20, 10:47:25
1632134963,2212.38,1037.34,0.00,30.84,100.00,97929.65,286.00,84,27, Mon, 21/09/20, 10:49:23
1632135082,2212.38,1035.19,0.00,30.82,100.00,97937.36,257.00,87,28, Mon, 21/09/20, 10:51:22
1632135200,2212.38,1037.34,0.00,30.70,100.00,97920.82,232.00,87,29, Mon, 21/09/20, 10:53:20
1632135318,2222.22,1035.19,0.00,30.62,100.00,97925.17,263.00,88,30, Mon, 21/09/20, 10:55:18
1632135437,2212.38,1035.19,0.00,30.54,100.00,97922.15,338.00,88,31, Mon, 21/09/20, 10:57:17
1632135546,2222.22,1035.19,0.00,30.62,100.00,97915.04,378.00,88,32, Mon, 21/09/20, 10:59:06
1632135665,2222.22,1033.05,0.00,30.82,100.00,97915.47,441.00,88,33, Mon, 21/09/20, 11:01:05
1632135784,2212.38,1033.05,0.00,31.01,100.00,97915.89,492.00,89,34, Mon, 21/09/20, 11:03:04
1632135903,2222.22,1033.05,0.00,31.20,100.00,97912.74,439.00,88,35, Mon, 21/09/20, 11:05:03
1632136022,2212.38,1930.50,0.00,31.32,100.00,97909.31,402.00,88,36, Mon, 21/09/20, 11:07:02
1632136141,2232.14,2590.67,0.00,31.43,100.00,97900.74,457.00,89,37, Mon, 21/09/20, 11:09:01
1632136253,2525.25,3546.09,0.00,31.63,100.00,97901.55,580.00,89,38, Mon, 21/09/20, 11:10:53
1632136372,2590.67,4237.28,0.00,31.88,100.00,97903.30,435.00,81,39, Mon, 21/09/20, 11:12:52
1632136489,2777.77,4273.50,0.00,31.87,100.00,97908.65,322.00,88,40, Mon, 21/09/20, 11:14:49
1632136608,3086.41,4310.34,0.00,31.71,100.00,97904.24,360.00,88,41, Mon, 21/09/20, 11:16:48
1632136727,3546.09,4385.96,0.00,31.65,100.00,97904.75,464.00,89,42, Mon, 21/09/20, 11:18:47
1632136846,3759.39,4424.77,0.00,31.68,100.00,97898.62,459.00,89,43, Mon, 21/09/20, 11:20:46
1632136965,3787.87,4464.28,0.00,31.70,100.00,97888.94,485.00,89,44, Mon, 21/09/20, 11:22:45
1632137083,3759.39,4464.28,0.00,31.79,100.00,97883.39,488.00,89,45, Mon, 21/09/20, 11:24:43
1632137202,3759.39,4464.28,0.00,31.90,100.00,97881.49,432.00,89,46, Mon, 21/09/20, 11:26:42
1632137321,3759.39,4504.50,0.00,31.93,100.00,97883.14,402.00,89,47, Mon, 21/09/20, 11:28:41
1632137440,3759.39,4504.50,0.00,31.94,100.00,97879.25,416.00,89,48, Mon, 21/09/20, 11:30:40
1632137558,3759.39,4504.50,0.00,31.92,100.00,97879.90,515.00,89,49, Mon, 21/09/20, 11:32:38
1632137676,3759.39,4504.50,0.00,32.06,100.00,97876.24,981.00,88,50, Mon, 21/09/20, 11:34:36
1632137795,3759.39,4504.50,0.00,32.81,100.00,97876.11,1131.00,93,51, Mon, 21/09/20, 11:36:35
1632137913,3731.34,4545.45,0.00,33.74,100.00,97873.20,1356.00,93,52, Mon, 21/09/20, 11:38:33
1632138032,3759.39,4545.45,0.00,34.75,100.00,97868.99,1552.00,93,53, Mon, 21/09/20, 11:40:32
1632138150,3759.39,4545.45,0.00,35.61,100.00,97867.61,1543.00,93,54, Mon, 21/09/20, 11:42:30
1632138269,3787.87,4545.45,0.00,36.45,100.00,97860.63,1812.00,93,55, Mon, 21/09/20, 11:44:29
1632138388,3759.39,4629.62,0.00,37.20,100.00,97867.09,1962.00,91,56, Mon, 21/09/20, 11:46:28
1632138506,3787.87,4587.15,0.00,37.84,100.00,97862.51,1928.00,94,57, Mon, 21/09/20, 11:48:26
1632138625,3787.87,4587.15,0.00,38.22,100.00,97866.12,1890.00,94,58, Mon, 21/09/20, 11:50:25
1632138744,3787.87,4629.62,0.00,38.38,90.75,97861.19,1892.00,95,59, Mon, 21/09/20, 11:52:24
1632138867,3759.39,4629.62,0.00,38.66,91.73,97859.14,1902.00,85,60, Mon, 21/09/20, 11:54:27
1632138965,3816.79,4672.89,0.00,38.93,92.33,97857.38,1819.00,95,61, Mon, 21/09/20, 11:56:05
1632139065,3816.79,4672.89,0.00,39.11,86.94,97856.74,1727.00,95,62, Mon, 21/09/20, 11:57:45
1632139184,3816.79,4629.62,0.00,39.09,84.77,97855.12,1324.00,95,63, Mon, 21/09/20, 11:59:44
1632139302,3816.79,4716.98,0.00,38.54,85.31,97851.47,1256.00,95,64, Mon, 21/09/20, 12:01:42
1632139421,3816.79,4672.89,0.00,37.45,88.96,97844.57,1519.00,95,65, Mon, 21/09/20, 12:03:41
1632139540,3787.87,4672.89,0.00,37.13,95.49,97834.99,1746.00,95,66, Mon, 21/09/20, 12:05:40
1632139663,3816.79,4716.98,0.00,37.58,88.67,97837.62,1722.00,95,67, Mon, 21/09/20, 12:07:43
1632139782,3816.79,4672.89,0.00,38.18,95.46,97832.07,1634.00,95,68, Mon, 21/09/20, 12:09:42
1632139901,3816.79,4716.98,0.00,38.52,93.17,97828.90,1420.00,96,69, Mon, 21/09/20, 12:11:41
1632140020,3816.79,4716.98,0.00,38.27,81.27,97827.05,692.00,93,70, Mon, 21/09/20, 12:13:40
1632140139,3816.79,4672.89,0.00,37.15,87.24,97825.51,417.00,88,71, Mon, 21/09/20, 12:15:39
1632140258,3816.79,4672.89,0.00,35.95,97.41,97825.32,292.00,91,72, Mon, 21/09/20, 12:17:38
1632140367,3816.79,4716.98,0.00,35.04,100.00,97815.80,255.00,91,73, Mon, 21/09/20, 12:19:27
1632140486,3787.87,4672.89,0.00,34.22,100.00,97819.99,250.00,91,74, Mon, 21/09/20, 12:21:26
1632140609,3787.87,4672.89,0.00,33.59,100.00,97808.80,271.00,91,75, Mon, 21/09/20, 12:23:29
1632140728,3816.79,4672.89,0.00,33.15,100.00,97809.77,222.00,91,76, Mon, 21/09/20, 12:25:28
1632140826,3816.79,4761.90,0.00,32.83,100.00,97809.88,404.00,93,77, Mon, 21/09/20, 12:27:06
1632140945,3787.87,4716.98,0.00,32.56,100.00,97803.12,226.00,91,78, Mon, 21/09/20, 12:29:05
1632141064,3787.87,4716.98,0.00,32.36,100.00,97807.86,272.00,91,79, Mon, 21/09/20, 12:31:04
1632141182,3816.79,4761.90,0.00,32.25,100.00,97795.74,337.00,92,80, Mon, 21/09/20, 12:33:02
1632141295,3816.79,4761.90,0.00,32.27,100.00,97791.18,281.00,90,81, Mon, 21/09/20, 12:34:55
1632141414,3816.79,4761.90,0.00,32.24,100.00,97799.30,274.00,92,82, Mon, 21/09/20, 12:36:54
1632141533,3816.79,4761.90,0.00,32.18,100.00,97800.97,258.00,92,83, Mon, 21/09/20, 12:38:53
1632141651,3787.87,4716.98,0.00,32.02,100.00,97795.80,264.00,92,84, Mon, 21/09/20, 12:40:51
1632141769,3846.15,4761.90,0.00,32.00,100.00,97789.39,259.00,92,85, Mon, 21/09/20, 12:42:49
1632141892,3846.15,4761.90,0.00,31.98,100.00,97787.78,237.00,91,86, Mon, 21/09/20, 12:44:52
1632142011,3846.15,4761.90,0.00,31.93,100.00,97790.75,216.00,91,87, Mon, 21/09/20, 12:46:51
1632142121,3846.15,4716.98,0.00,31.82,100.00,97790.34,254.00,92,88, Mon, 21/09/20, 12:48:41
1632142239,3846.15,4761.90,0.00,31.70,100.00,97782.87,274.00,92,89, Mon, 21/09/20, 12:50:39
1632142338,3846.15,4761.90,0.00,31.70,100.00,97775.78,268.00,92,90, Mon, 21/09/20, 12:52:18
1632142456,3846.15,4716.98,0.00,31.73,100.00,97769.64,349.00,93,91, Mon, 21/09/20, 12:54:16
1632142556,3846.15,4761.90,0.00,31.77,100.00,97766.21,422.00,93,92, Mon, 21/09/20, 12:55:56
1632142656,3846.15,4716.98,0.00,31.79,100.00,97770.22,309.00,93,93, Mon, 21/09/20, 12:57:36
1632142765,3846.15,4807.69,0.00,31.84,100.00,97775.47,251.00,93,94, Mon, 21/09/20, 12:59:25
1632142883,3846.15,4807.69,0.00,31.86,100.00,97774.81,246.00,92,95, Mon, 21/09/20, 13:01:23
1632143002,3846.15,4761.90,0.00,31.82,100.00,97765.67,261.00,93,96, Mon, 21/09/20, 13:03:22
1632143121,3846.15,4761.90,0.00,31.77,100.00,97759.61,287.00,88,97, Mon, 21/09/20, 13:05:21
1632143239,3846.15,4761.90,0.00,31.77,100.00,97763.12,312.00,93,98, Mon, 21/09/20, 13:07:19
1632143358,3846.15,4761.90,0.00,31.79,100.00,97757.32,346.00,93,99, Mon, 21/09/20, 13:09:18
1632143477,3846.15,4761.90,0.00,31.86,100.00,97754.01,316.00,93,100, Mon, 21/09/20, 13:11:17
1632143601,3846.15,4761.90,0.00,31.87,100.00,97747.06,310.00,93,101, Mon, 21/09/20, 13:13:21
1632143725,3846.15,4761.90,0.00,31.84,100.00,97751.97,316.00,88,102, Mon, 21/09/20, 13:15:25
1632143847,3846.15,4761.90,0.00,31.78,100.00,97739.26,323.00,93,103, Mon, 21/09/20, 13:17:27
1632143966,3846.15,4761.90,0.00,31.78,100.00,97745.56,380.00,93,104, Mon, 21/09/20, 13:19:26
1632144086,3846.15,4761.90,0.00,31.90,100.00,97729.95,499.00,94,105, Mon, 21/09/20, 13:21:26
1632144205,3846.15,4761.90,0.00,32.18,100.00,97730.49,623.00,95,106, Mon, 21/09/20, 13:23:25
1632144326,3846.15,4761.90,0.00,32.49,100.00,97728.82,575.00,95,107, Mon, 21/09/20, 13:25:26
1632144445,3875.96,4807.69,0.00,32.72,100.00,97727.20,1020.00,96,108, Mon, 21/09/20, 13:27:25
1632144564,3875.96,4807.69,0.00,33.45,100.00,97727.87,384.00,94,109, Mon, 21/09/20, 13:29:24
1632144683,3875.96,4854.36,0.00,33.40,100.00,97721.47,290.00,93,110, Mon, 21/09/20, 13:31:23
1632144803,3875.96,4854.36,0.00,33.04,100.00,97727.87,281.00,93,111, Mon, 21/09/20, 13:33:23
1632144922,3875.96,4807.69,0.00,32.81,100.00,97715.65,267.00,93,112, Mon, 21/09/20, 13:35:22
1632145041,3906.25,4807.69,0.00,32.56,100.00,97716.13,244.00,93,113, Mon, 21/09/20, 13:37:21
1632145160,3906.25,4807.69,0.00,32.36,100.00,97716.22,228.00,92,114, Mon, 21/09/20, 13:39:20
1632145280,3875.96,4854.36,0.00,32.11,100.00,97716.20,255.00,89,115, Mon, 21/09/20, 13:41:20
1632145400,3937.00,4807.69,0.00,31.95,100.00,97707.05,304.00,88,116, Mon, 21/09/20, 13:43:20
1632145520,3906.25,4807.69,0.00,31.90,100.00,97702.07,340.00,89,117, Mon, 21/09/20, 13:45:20
1632145642,3906.25,4854.36,0.00,31.95,100.00,97701.07,318.00,94,118, Mon, 21/09/20, 13:47:22
1632145765,3906.25,4854.36,0.00,31.92,100.00,97698.65,261.00,93,119, Mon, 21/09/20, 13:49:25
1632145885,3937.00,4807.69,0.00,31.87,100.00,97700.47,236.00,93,120, Mon, 21/09/20, 13:51:25
1632146004,3937.00,4807.69,0.00,31.84,100.00,97703.44,217.00,93,121, Mon, 21/09/20, 13:53:24
1632146124,3937.00,4807.69,0.00,31.69,100.00,97703.74,206.00,93,122, Mon, 21/09/20, 13:55:24
1632146244,3937.00,4807.69,0.00,31.59,100.00,97687.72,232.00,93,123, Mon, 21/09/20, 13:57:24
1632146363,3906.25,4854.36,0.00,31.54,100.00,97685.52,257.00,93,124, Mon, 21/09/20, 13:59:23
1632146483,3906.25,4854.36,0.00,31.47,100.00,97681.09,411.00,94,125, Mon, 21/09/20, 14:01:23
1632146605,3937.00,4854.36,0.00,31.61,100.00,97684.63,320.00,94,126, Mon, 21/09/20, 14:03:25
1632146724,3906.25,4854.36,0.00,31.73,100.00,97671.76,214.00,93,127, Mon, 21/09/20, 14:05:24
1632146843,3968.25,4854.36,0.00,31.67,100.00,97681.69,196.00,93,128, Mon, 21/09/20, 14:07:23
1632146963,3937.00,4854.36,0.00,31.56,100.00,97672.30,241.00,93,129, Mon, 21/09/20, 14:09:23
1632147086,3968.25,4807.69,0.00,31.48,100.00,97670.12,261.00,93,130, Mon, 21/09/20, 14:11:26
1632147193,3968.25,4854.36,0.00,31.47,100.00,97665.77,230.00,93,131, Mon, 21/09/20, 14:13:13
1632147279,3968.25,4854.36,0.00,31.47,100.00,97668.51,207.00,93,132, Mon, 21/09/20, 14:14:39
1632147385,3968.25,4854.36,0.00,31.39,100.00,97665.50,208.00,93,133, Mon, 21/09/20, 14:16:25
1632147491,3968.25,4854.36,0.00,31.36,100.00,97665.70,205.00,93,134, Mon, 21/09/20, 14:18:11
1632147597,3968.25,4854.36,0.00,31.25,100.00,97663.39,206.00,93,135, Mon, 21/09/20, 14:19:57
1632147703,3937.00,4807.69,0.00,31.07,100.00,97658.86,212.00,90,136, Mon, 21/09/20, 14:21:43
1632147809,3968.25,4854.36,0.00,30.97,100.00,97652.19,200.00,93,137, Mon, 21/09/20, 14:23:29
1632147915,4000.00,4854.36,0.00,30.92,100.00,97658.22,189.00,93,138, Mon, 21/09/20, 14:25:15
1632148021,4000.00,4901.96,0.00,30.86,100.00,97655.67,188.00,93,139, Mon, 21/09/20, 14:27:01
1632148127,3968.25,4854.36,0.00,30.85,100.00,97654.05,226.00,85,140, Mon, 21/09/20, 14:28:47
1632148233,4000.00,4901.96,0.00,30.89,100.00,97651.12,267.00,93,141, Mon, 21/09/20, 14:30:33
1632148339,4000.00,4901.96,0.00,30.98,100.00,97638.50,262.00,93,142, Mon, 21/09/20, 14:32:19
1632148445,3968.25,4854.36,0.00,31.03,100.00,97631.22,310.00,94,143, Mon, 21/09/20, 14:34:05
1632148551,4000.00,4901.96,0.00,31.02,100.00,97639.42,322.00,86,144, Mon, 21/09/20, 14:35:51
1632148657,4000.00,4901.96,0.00,30.93,100.00,97635.51,237.00,93,145, Mon, 21/09/20, 14:37:37
1632148763,4032.25,4901.96,0.00,30.84,100.00,97636.86,247.00,93,146, Mon, 21/09/20, 14:39:23
1632148869,4032.25,4901.96,0.00,30.86,100.00,97629.42,271.00,94,147, Mon, 21/09/20, 14:41:09
1632148975,4000.00,4901.96,0.00,30.93,100.00,97632.44,260.00,94,148, Mon, 21/09/20, 14:42:55
1632149081,4032.25,4901.96,0.00,30.98,100.00,97624.50,239.00,93,149, Mon, 21/09/20, 14:44:41
1632149187,4032.25,4854.36,0.00,31.00,100.00,97620.61,234.00,93,150, Mon, 21/09/20, 14:46:27
1632149293,4032.25,4901.96,0.00,30.95,100.00,97614.55,241.00,93,151, Mon, 21/09/20, 14:48:13
1632149399,4032.25,4901.96,0.00,30.95,100.00,97611.00,262.00,93,152, Mon, 21/09/20, 14:49:59
1632149485,4000.00,4854.36,0.00,30.94,100.00,97610.20,323.00,94,153, Mon, 21/09/20, 14:51:25
1632149592,4032.25,4901.96,0.00,30.98,100.00,97608.07,497.00,96,154, Mon, 21/09/20, 14:53:12
1632149699,4032.25,4901.96,0.00,31.50,100.00,97598.22,396.00,95,155, Mon, 21/09/20, 14:54:59
1632149823,4032.25,4901.96,0.00,32.04,100.00,97591.45,438.00,98,156, Mon, 21/09/20, 14:57:03
1632149930,4065.04,4901.96,0.00,32.34,100.00,97582.17,517.00,95,157, Mon, 21/09/20, 14:58:50
1632150037,4032.25,4854.36,0.00,32.54,100.00,97587.85,540.00,96,158, Mon, 21/09/20, 15:00:37
1632150144,4032.25,4901.96,0.00,32.68,100.00,97585.20,482.00,95,159, Mon, 21/09/20, 15:02:24
1632150254,4065.04,4901.96,0.00,32.75,100.00,97583.80,219.00,90,160, Mon, 21/09/20, 15:04:14
1632150361,4065.04,4901.96,0.00,32.61,100.00,97580.65,184.00,94,161, Mon, 21/09/20, 15:06:01
1632150468,4065.04,4901.96,0.00,32.34,100.00,97581.36,210.00,94,162, Mon, 21/09/20, 15:07:48
1632150575,4065.04,4901.96,0.00,32.06,100.00,97584.36,293.00,95,163, Mon, 21/09/20, 15:09:35
1632150682,4065.04,4901.96,0.00,31.94,100.00,97580.46,353.00,95,164, Mon, 21/09/20, 15:11:22
1632150792,4065.04,4901.96,0.00,31.95,100.00,97578.20,267.00,94,165, Mon, 21/09/20, 15:13:12
1632150902,4032.25,4901.96,0.00,31.90,100.00,97572.11,192.00,94,166, Mon, 21/09/20, 15:15:02
1632151009,4065.04,4901.96,0.00,31.72,100.00,97571.54,152.00,93,167, Mon, 21/09/20, 15:16:49
1632151116,4065.04,4901.96,0.00,31.47,100.00,97576.19,142.00,93,168, Mon, 21/09/20, 15:18:36
1632151223,4065.04,4901.96,0.00,31.21,100.00,97572.56,160.00,93,169, Mon, 21/09/20, 15:20:23
1632151330,4065.04,4901.96,0.00,31.04,100.00,97575.81,191.00,93,170, Mon, 21/09/20, 15:22:10
1632151437,4065.04,4901.96,0.00,30.96,100.00,97575.89,227.00,94,171, Mon, 21/09/20, 15:23:57
1632151544,4065.04,4901.96,0.00,30.93,100.00,97564.36,266.00,94,172, Mon, 21/09/20, 15:25:44
1632151631,4098.36,4901.96,0.00,30.95,100.00,97562.55,270.00,94,173, Mon, 21/09/20, 15:27:11
1632151738,4098.36,4901.96,0.00,31.02,100.00,97564.75,306.00,95,174, Mon, 21/09/20, 15:28:58
1632151845,4098.36,4901.96,0.00,31.06,100.00,97561.44,346.00,95,175, Mon, 21/09/20, 15:30:45
1632151952,4098.36,4901.96,0.00,31.13,100.00,97559.31,392.00,95,176, Mon, 21/09/20, 15:32:32
1632152059,4065.04,4854.36,0.00,31.23,100.00,97566.75,415.00,95,177, Mon, 21/09/20, 15:34:19
1632152166,4098.36,4901.96,0.00,31.32,100.00,97556.82,391.00,95,178, Mon, 21/09/20, 15:36:06
1632152273,4098.36,4950.49,0.00,31.39,100.00,97559.05,370.00,95,179, Mon, 21/09/20, 15:37:53
1632152380,4098.36,4950.49,0.00,31.38,100.00,97557.11,370.00,95,180, Mon, 21/09/20, 15:39:40
1632152487,4098.36,4901.96,0.00,31.35,100.00,97553.42,359.00,95,181, Mon, 21/09/20, 15:41:27
1632152613,4065.04,4950.49,0.00,31.28,100.00,97555.90,389.00,95,182, Mon, 21/09/20, 15:43:33
1632152720,4098.36,4950.49,0.00,31.29,100.00,97552.05,373.00,95,183, Mon, 21/09/20, 15:45:20
1632152827,4098.36,4950.49,0.00,31.27,100.00,97554.32,373.00,95,184, Mon, 21/09/20, 15:47:07
1632152934,4098.36,4950.49,0.00,31.20,100.00,97554.06,378.00,95,185, Mon, 21/09/20, 15:48:54
1632153041,4098.36,4950.49,0.00,31.20,100.00,97559.54,409.00,96,186, Mon, 21/09/20, 15:50:41
1632153143,4098.36,5000.00,0.00,31.34,100.00,97545.56,441.00,95,187, Mon, 21/09/20, 15:52:23
1632153250,4065.04,4901.96,0.00,31.56,100.00,97551.44,444.00,96,188, Mon, 21/09/20, 15:54:10
1632153357,4098.36,4950.49,0.00,31.71,100.00,97548.00,451.00,96,189, Mon, 21/09/20, 15:55:57
1632153464,4098.36,4950.49,0.00,31.79,100.00,97540.03,499.00,96,190, Mon, 21/09/20, 15:57:44
1632153571,4098.36,4950.49,0.00,31.88,100.00,97532.47,527.00,96,191, Mon, 21/09/20, 15:59:31
1632153678,4098.36,4950.49,0.00,31.97,100.00,97523.03,548.00,96,192, Mon, 21/09/20, 16:01:18
1632153785,4098.36,4950.49,0.00,32.02,100.00,97526.32,541.00,96,193, Mon, 21/09/20, 16:03:05
1632153892,4098.36,4950.49,0.00,32.13,100.00,97524.72,488.00,96,194, Mon, 21/09/20, 16:04:52
1632153999,4132.23,4950.49,0.00,32.22,100.00,97522.63,461.00,96,195, Mon, 21/09/20, 16:06:39
1632154106,4132.23,4950.49,0.00,32.27,100.00,97528.70,441.00,96,196, Mon, 21/09/20, 16:08:26
1632154213,4132.23,4950.49,0.00,32.27,100.00,97526.28,428.00,96,197, Mon, 21/09/20, 16:10:13
1632154320,4132.23,4950.49,0.00,32.25,100.00,97517.60,443.00,96,198, Mon, 21/09/20, 16:12:00
1632154427,4132.23,4950.49,0.00,32.18,100.00,97517.74,418.00,96,199, Mon, 21/09/20, 16:13:47
1632154534,4132.23,4950.49,0.00,32.13,100.00,97514.89,400.00,96,200, Mon, 21/09/20, 16:15:34
1632154641,4132.23,4950.49,0.00,32.04,100.00,97513.07,401.00,96,201, Mon, 21/09/20, 16:17:21
1632154748,4132.23,4950.49,0.00,31.98,100.00,97510.59,385.00,96,202, Mon, 21/09/20, 16:19:08
1632154855,4132.23,4950.49,0.00,31.97,100.00,97514.00,330.00,96,203, Mon, 21/09/20, 16:20:55
1632154962,4132.23,4950.49,0.00,31.95,100.00,97508.06,296.00,94,204, Mon, 21/09/20, 16:22:42
1632155069,4132.23,4950.49,0.00,31.84,100.00,97505.31,243.00,95,205, Mon, 21/09/20, 16:24:29
1632155176,4132.23,4950.49,0.00,31.67,100.00,97514.56,195.00,95,206, Mon, 21/09/20, 16:26:16
1632155283,4132.23,4950.49,0.00,31.40,100.00,97507.47,189.00,95,207, Mon, 21/09/20, 16:28:03
1632155408,4098.36,4901.96,0.00,31.12,100.00,97506.49,188.00,94,208, Mon, 21/09/20, 16:30:08
1632155515,4132.23,4950.49,0.00,30.89,100.00,97504.97,184.00,95,209, Mon, 21/09/20, 16:31:55
1632155622,4132.23,4950.49,0.00,30.68,100.00,97497.44,190.00,95,210, Mon, 21/09/20, 16:33:42
1632155729,4132.23,4950.49,0.00,30.53,100.00,97498.84,224.00,95,211, Mon, 21/09/20, 16:35:29
1632155836,4132.23,4950.49,0.00,30.44,100.00,97502.00,243.00,89,212, Mon, 21/09/20, 16:37:16
1632155943,4132.23,4950.49,0.00,30.40,100.00,97506.19,246.00,95,213, Mon, 21/09/20, 16:39:03
1632156050,4132.23,4950.49,0.00,30.40,100.00,97510.55,238.00,95,214, Mon, 21/09/20, 16:40:50
1632156157,4132.23,4950.49,0.00,30.42,100.00,97500.40,206.00,95,215, Mon, 21/09/20, 16:42:37
1632156265,4132.23,4950.49,0.00,30.38,100.00,97500.25,183.00,95,216, Mon, 21/09/20, 16:44:25
1632156372,4132.23,4950.49,0.00,30.32,100.00,97495.79,179.00,95,217, Mon, 21/09/20, 16:46:12
1632156480,4132.23,4950.49,0.00,30.25,100.00,97492.31,179.00,94,218, Mon, 21/09/20, 16:48:00
1632156588,4132.23,4950.49,0.00,30.18,100.00,97493.64,187.00,95,219, Mon, 21/09/20, 16:49:48
1632156675,4132.23,4950.49,0.00,30.13,100.00,97495.44,197.00,95,220, Mon, 21/09/20, 16:51:15
1632156783,4132.23,4950.49,0.00,30.14,100.00,97495.44,199.00,95,221, Mon, 21/09/20, 16:53:03
1632156891,4132.23,4950.49,0.00,30.15,100.00,97493.17,191.00,95,222, Mon, 21/09/20, 16:54:51
1632156999,4132.23,4901.96,0.00,30.20,100.00,97495.22,179.00,95,223, Mon, 21/09/20, 16:56:39
1632157107,4132.23,4950.49,0.00,30.22,100.00,97491.84,158.00,95,224, Mon, 21/09/20, 16:58:27
1632157215,4132.23,4901.96,0.00,30.20,100.00,97484.30,132.00,94,225, Mon, 21/09/20, 17:00:15
1632157323,4132.23,4950.49,0.00,30.12,100.00,97498.49,117.00,93,226, Mon, 21/09/20, 17:02:03
1632157431,4132.23,4901.96,0.00,30.04,100.00,97484.10,107.00,94,227, Mon, 21/09/20, 17:03:51
1632157539,4132.23,4901.96,0.00,29.93,100.00,97487.56,104.00,90,228, Mon, 21/09/20, 17:05:39
1632157647,4132.23,4950.49,0.00,29.82,100.00,97487.92,104.00,93,229, Mon, 21/09/20, 17:07:27
1632157755,4132.23,4950.49,0.00,29.75,100.00,97482.20,111.00,88,230, Mon, 21/09/20, 17:09:15
1632157863,4132.23,4950.49,0.00,29.70,100.00,97485.07,128.00,94,231, Mon, 21/09/20, 17:11:03
1632157971,4132.23,4950.49,0.00,29.68,100.00,97483.02,134.00,88,232, Mon, 21/09/20, 17:12:51
1632158079,4132.23,4950.49,0.00,29.69,100.00,97483.82,134.00,94,233, Mon, 21/09/20, 17:14:39
1632158204,4098.36,4901.96,0.00,29.70,100.00,97475.76,126.00,93,234, Mon, 21/09/20, 17:16:44
1632158312,4132.23,4950.49,0.00,29.72,100.00,97477.39,119.00,94,235, Mon, 21/09/20, 17:18:32
1632158420,4132.23,4950.49,0.00,29.72,100.00,97478.50,113.00,93,236, Mon, 21/09/20, 17:20:20
1632158528,4132.23,4950.49,0.00,29.70,100.00,97480.42,110.00,93,237, Mon, 21/09/20, 17:22:08
1632158636,4132.23,4950.49,0.00,29.65,100.00,97481.40,107.00,93,238, Mon, 21/09/20, 17:23:56
1632158744,4132.23,4950.49,0.00,29.62,100.00,97478.88,103.00,93,239, Mon, 21/09/20, 17:25:44
1632158852,4132.23,4950.49,0.00,29.59,100.00,97477.61,98.00,93,240, Mon, 21/09/20, 17:27:32
1632158960,4132.23,4950.49,0.00,29.56,100.00,97477.94,95.00,93,241, Mon, 21/09/20, 17:29:20
1632159068,4132.23,4950.49,0.00,29.54,100.00,97480.50,93.00,93,242, Mon, 21/09/20, 17:31:08
1632159176,4132.23,5000.00,0.00,29.51,100.00,97488.90,91.00,93,243, Mon, 21/09/20, 17:32:56
1632159285,4132.23,5000.00,0.00,29.45,100.00,97485.56,89.00,93,244, Mon, 21/09/20, 17:34:45
1632159393,4132.23,5000.00,0.00,29.42,100.00,97494.06,85.00,93,245, Mon, 21/09/20, 17:36:33
1632159501,4132.23,5000.00,0.00,29.37,100.00,97493.92,82.00,93,246, Mon, 21/09/20, 17:38:21
1632159609,4132.23,5000.00,0.00,29.36,100.00,97496.19,77.00,93,247, Mon, 21/09/20, 17:40:09
1632159717,4098.36,5000.00,0.00,29.31,100.00,97489.78,72.00,93,248, Mon, 21/09/20, 17:41:57
1632159825,4098.36,5000.00,0.00,29.28,100.00,97488.02,70.00,93,249, Mon, 21/09/20, 17:43:45
1632159933,4098.36,5000.00,0.00,29.26,100.00,97503.92,65.00,93,250, Mon, 21/09/20, 17:45:33
1632160041,4098.36,5000.00,0.00,29.21,100.00,97500.25,62.00,93,251, Mon, 21/09/20, 17:47:21
1632160149,4098.36,5000.00,0.00,29.18,100.00,97496.90,57.00,93,252, Mon, 21/09/20, 17:49:09
1632160257,4098.36,5000.00,0.00,29.14,100.00,97506.51,52.00,93,253, Mon, 21/09/20, 17:50:57
1632160365,4098.36,5000.00,0.00,29.10,100.00,97511.82,45.00,78,254, Mon, 21/09/20, 17:52:45
1632160473,4098.36,5000.00,0.00,29.05,100.00,97508.15,31.00,93,255, Mon, 21/09/20, 17:54:33
1632160581,4065.04,5000.00,0.00,29.03,100.00,97502.51,29.00,93,256, Mon, 21/09/20, 17:56:21
1632160689,4098.36,5000.00,0.00,28.98,100.00,97507.82,37.00,92,257, Mon, 21/09/20, 17:58:09
1632160797,4098.36,5000.00,0.00,28.94,100.00,97504.15,28.00,92,258, Mon, 21/09/20, 17:59:57
1632160905,4098.36,5000.00,0.00,28.84,100.00,97504.01,27.00,92,259, Mon, 21/09/20, 18:01:45
1632161031,4065.04,5000.00,0.00,28.78,100.00,97517.04,25.00,92,260, Mon, 21/09/20, 18:03:51
1632161139,4065.04,5000.00,0.00,28.73,100.00,97505.17,23.00,92,261, Mon, 21/09/20, 18:05:39
1632161247,4032.25,5000.00,0.00,28.71,100.00,97509.00,21.00,92,262, Mon, 21/09/20, 18:07:27
1632161355,4065.04,5000.00,0.00,28.68,100.00,97509.97,19.00,92,263, Mon, 21/09/20, 18:09:15
1632161463,4065.04,5000.00,0.00,28.65,100.00,97514.17,18.00,92,264, Mon, 21/09/20, 18:11:03
1632161571,4032.25,5000.00,0.00,28.62,100.00,97515.61,16.00,92,265, Mon, 21/09/20, 18:12:51
1632161679,4065.04,5000.00,0.00,28.57,100.00,97510.30,14.00,92,266, Mon, 21/09/20, 18:14:39
1632161787,4032.25,5000.00,0.00,28.54,100.00,97517.49,12.00,92,267, Mon, 21/09/20, 18:16:27
1632161895,4065.04,5000.00,0.00,28.46,100.00,97517.97,11.00,92,268, Mon, 21/09/20, 18:18:15
1632162003,4065.04,5000.00,0.00,28.40,100.00,97520.06,9.00,91,269, Mon, 21/09/20, 18:20:03
1632162111,4032.25,5000.00,0.00,28.36,100.00,97513.99,8.00,91,270, Mon, 21/09/20, 18:21:51
1632162219,4032.25,5000.00,0.00,28.31,100.00,97522.30,6.00,91,271, Mon, 21/09/20, 18:23:39
1632162327,4032.25,5000.00,0.00,28.29,100.00,97522.63,5.00,91,272, Mon, 21/09/20, 18:25:27
1632162435,4032.25,5000.00,0.00,28.27,100.00,97533.05,4.00,91,273, Mon, 21/09/20, 18:27:15
1632162543,4000.00,5000.00,0.00,28.23,100.00,97533.67,3.00,91,274, Mon, 21/09/20, 18:29:03
1632162651,4032.25,5000.00,0.00,28.22,100.00,97542.99,2.00,91,275, Mon, 21/09/20, 18:30:51
1632162759,4032.25,5050.50,0.00,28.20,100.00,97549.87,2.00,91,276, Mon, 21/09/20, 18:32:39
1632162867,4032.25,5050.50,0.00,28.17,100.00,97546.19,1.00,91,277, Mon, 21/09/20, 18:34:27
1632162975,4032.25,5000.00,0.00,28.20,100.00,97552.92,1.00,91,278, Mon, 21/09/20, 18:36:15
1632163083,4032.25,5050.50,0.00,28.18,100.00,97554.84,0.00,91,279, Mon, 21/09/20, 18:38:03
1632163191,4000.00,5050.50,0.00,28.15,100.00,97541.87,0.00,91,280, Mon, 21/09/20, 18:39:51
1632163279,4000.00,5050.50,0.00,28.13,100.00,97551.47,0.00,91,281, Mon, 21/09/20, 18:41:19
1632163387,4000.00,5050.50,0.00,28.12,100.00,97545.22,0.00,81,282, Mon, 21/09/20, 18:43:07
1632163495,3968.25,5050.50,0.00,28.10,100.00,97544.25,0.00,90,283, Mon, 21/09/20, 18:44:55
1632163604,4000.00,5050.50,0.00,28.04,100.00,97549.54,0.00,90,284, Mon, 21/09/20, 18:46:44
1632163713,4000.00,5050.50,0.00,28.03,100.00,97554.80,0.00,88,285, Mon, 21/09/20, 18:48:33
1632163840,3968.25,5050.50,0.00,27.96,100.00,97557.69,0.00,90,286, Mon, 21/09/20, 18:50:40
1632163949,4000.00,5050.50,0.00,27.95,100.00,97550.62,0.00,90,287, Mon, 21/09/20, 18:52:29
1632164058,4000.00,5050.50,0.00,27.95,100.00,97549.32,0.00,90,288, Mon, 21/09/20, 18:54:18
1632164167,4000.00,5102.04,0.00,27.94,100.00,97551.24,0.00,90,289, Mon, 21/09/20, 18:56:07
1632164276,3937.00,5154.63,0.00,27.93,100.00,97555.87,0.00,90,290, Mon, 21/09/20, 18:57:56
1632164385,3937.00,5154.63,0.00,27.88,100.00,97556.53,0.00,90,291, Mon, 21/09/20, 18:59:45
1632164494,3968.25,5102.04,0.00,27.86,100.00,97555.55,0.00,90,292, Mon, 21/09/20, 19:01:34
1632164603,3968.25,5102.04,0.00,27.82,100.00,97564.34,0.00,90,293, Mon, 21/09/20, 19:03:23
1632164712,3968.25,5102.04,0.00,27.79,100.00,97561.45,0.00,90,294, Mon, 21/09/20, 19:05:12
1632164821,3937.00,5102.04,0.00,27.75,100.00,97563.99,0.00,90,295, Mon, 21/09/20, 19:07:01
1632164930,3937.00,5154.63,0.00,27.70,100.00,97572.31,0.00,90,296, Mon, 21/09/20, 19:08:50
1632165039,3937.00,5102.04,0.00,27.68,100.00,97567.49,0.00,90,297, Mon, 21/09/20, 19:10:39
1632165148,3906.25,5154.63,0.00,27.65,100.00,97567.81,0.00,90,298, Mon, 21/09/20, 19:12:28
1632165257,3937.00,5102.04,0.00,27.64,100.00,97560.77,0.00,90,299, Mon, 21/09/20, 19:14:17
1632165366,3906.25,5102.04,0.00,27.61,100.00,97561.70,0.00,90,300, Mon, 21/09/20, 19:16:06
1632165475,3937.00,5102.04,0.00,27.59,100.00,97561.22,0.00,90,301, Mon, 21/09/20, 19:17:55
1632165564,3906.25,5102.04,0.00,27.57,100.00,97569.39,0.00,90,302, Mon, 21/09/20, 19:19:24
1632165673,3906.25,5154.63,0.00,27.60,100.00,97575.32,0.00,90,303, Mon, 21/09/20, 19:21:13
1632165782,3937.00,5102.04,0.00,27.59,100.00,97569.06,0.00,90,304, Mon, 21/09/20, 19:23:02
1632165891,3937.00,5102.04,0.00,27.59,100.00,97579.14,0.00,90,305, Mon, 21/09/20, 19:24:51
1632166000,3937.00,5102.04,0.00,27.54,100.00,97579.79,0.00,81,306, Mon, 21/09/20, 19:26:40
1632166110,3937.00,5102.04,0.00,27.52,100.00,97580.72,0.00,90,307, Mon, 21/09/20, 19:28:30
1632166219,3906.25,5102.04,0.00,27.50,100.00,97579.42,0.00,89,308, Mon, 21/09/20, 19:30:19
1632166328,3937.00,5102.04,0.00,27.47,100.00,97582.47,0.00,87,309, Mon, 21/09/20, 19:32:08
1632166437,3906.25,5154.63,0.00,27.47,100.00,97577.82,0.00,89,310, Mon, 21/09/20, 19:33:57
1632166546,3906.25,5154.63,0.00,27.45,100.00,97580.84,0.00,89,311, Mon, 21/09/20, 19:35:46
1632166674,3906.25,5102.04,0.00,27.45,100.00,97581.49,0.00,89,312, Mon, 21/09/20, 19:37:54
1632166783,3906.25,5102.04,0.00,27.42,100.00,97582.59,0.00,89,313, Mon, 21/09/20, 19:39:43
1632166892,3875.96,5208.33,0.00,27.39,100.00,97580.50,0.00,89,314, Mon, 21/09/20, 19:41:32
1632167001,3906.25,5154.63,0.00,27.37,100.00,97588.80,0.00,89,315, Mon, 21/09/20, 19:43:21
1632167110,3875.96,5208.33,0.00,27.34,100.00,97596.95,0.00,89,316, Mon, 21/09/20, 19:45:10
1632167219,3875.96,5208.33,0.00,27.34,100.00,97594.52,0.00,89,317, Mon, 21/09/20, 19:46:59
1632167328,3875.96,5154.63,0.00,27.31,100.00,97601.09,0.00,89,318, Mon, 21/09/20, 19:48:48
1632167438,3875.96,5154.63,0.00,27.31,100.00,97601.09,0.00,89,319, Mon, 21/09/20, 19:50:38
1632167547,3906.25,5154.63,0.00,27.30,100.00,97595.94,0.00,89,320, Mon, 21/09/20, 19:52:27
1632167656,3846.15,5154.63,0.00,27.28,100.00,97604.42,0.00,89,321, Mon, 21/09/20, 19:54:16
1632167765,3846.15,5154.63,0.00,27.26,100.00,97598.49,0.00,89,322, Mon, 21/09/20, 19:56:05
1632167874,3846.15,5154.63,0.00,27.27,100.00,97609.37,0.00,89,323, Mon, 21/09/20, 19:57:54
1632167983,3846.15,5154.63,0.00,27.26,100.00,97607.75,0.00,85,324, Mon, 21/09/20, 19:59:43
1632168092,3846.15,5154.63,0.00,27.25,100.00,97610.80,0.00,89,325, Mon, 21/09/20, 20:01:32
1632168201,3846.15,5208.33,0.00,27.23,100.00,97611.92,0.00,89,326, Mon, 21/09/20, 20:03:21
1632168310,3816.79,5102.04,0.00,27.20,100.00,97611.72,0.00,89,327, Mon, 21/09/20, 20:05:10
1632168419,3816.79,5208.33,0.00,27.19,100.00,97616.67,0.00,89,328, Mon, 21/09/20, 20:06:59
1632168528,3816.79,5154.63,0.00,27.19,100.00,97612.85,0.00,89,329, Mon, 21/09/20, 20:08:48
1632168637,3816.79,5102.04,0.00,27.20,100.00,97626.14,0.00,89,330, Mon, 21/09/20, 20:10:37
1632168746,3816.79,5102.04,0.00,27.20,100.00,97625.32,0.00,89,331, Mon, 21/09/20, 20:12:26
1632168855,3816.79,5102.04,0.00,27.18,100.00,97618.61,0.00,85,332, Mon, 21/09/20, 20:14:15
1632168967,3816.79,5102.04,0.00,27.20,100.00,97621.82,0.00,87,333, Mon, 21/09/20, 20:16:07
1632169079,3816.79,5102.04,0.00,27.20,100.00,97623.09,0.00,89,334, Mon, 21/09/20, 20:17:59
1632169191,3787.87,5102.04,0.00,27.20,100.00,97632.39,0.00,89,335, Mon, 21/09/20, 20:19:51
1632169303,3816.79,5154.63,0.00,27.19,100.00,97642.78,0.00,89,336, Mon, 21/09/20, 20:21:43
1632169412,3787.87,5102.04,0.00,27.15,100.00,97644.19,0.00,88,337, Mon, 21/09/20, 20:23:32
1632169540,3787.87,5154.63,0.00,27.12,100.00,97651.69,0.00,88,338, Mon, 21/09/20, 20:25:40
1632169649,3787.87,5102.04,0.00,27.06,100.00,97657.24,0.00,88,339, Mon, 21/09/20, 20:27:29
1632169761,3787.87,5154.63,0.00,27.05,100.00,97657.24,0.00,88,340, Mon, 21/09/20, 20:29:21
1632169870,3731.34,5102.04,0.00,27.04,100.00,97661.89,0.00,88,341, Mon, 21/09/20, 20:31:10
1632169979,3731.34,5102.04,0.00,27.04,100.00,97674.69,0.00,88,342, Mon, 21/09/20, 20:32:59
1632170091,3703.70,5154.63,0.00,27.04,100.00,97683.65,0.00,88,343, Mon, 21/09/20, 20:34:51
1632170200,3731.34,5102.04,0.00,27.04,100.00,97685.56,0.00,88,344, Mon, 21/09/20, 20:36:40
1632170289,3731.34,5050.50,0.00,27.04,100.00,97691.29,0.00,88,345, Mon, 21/09/20, 20:38:09
1632170398,3676.47,5102.04,0.00,27.01,100.00,97690.01,0.00,81,346, Mon, 21/09/20, 20:39:58
1632170507,3676.47,5102.04,0.00,26.97,100.00,97692.24,0.00,88,347, Mon, 21/09/20, 20:41:47
1632170616,3703.70,5050.50,0.00,26.97,100.00,97697.18,0.00,88,348, Mon, 21/09/20, 20:43:36
1632170725,3703.70,5050.50,0.00,26.98,100.00,97694.95,0.00,88,349, Mon, 21/09/20, 20:45:25
1632170838,3676.47,5050.50,0.00,26.98,100.00,97701.17,0.00,86,350, Mon, 21/09/20, 20:47:18
1632170948,3676.47,5050.50,0.00,27.03,100.00,97700.57,0.00,88,351, Mon, 21/09/20, 20:49:08
1632171058,3649.63,5050.50,0.00,27.03,100.00,97712.26,0.00,88,352, Mon, 21/09/20, 20:50:58
1632171168,3649.63,5102.04,0.00,27.03,100.00,97714.17,0.00,88,353, Mon, 21/09/20, 20:52:48
1632171278,3649.63,5050.50,0.00,27.03,100.00,97721.52,0.00,88,354, Mon, 21/09/20, 20:54:38
1632171388,3649.63,5102.04,0.00,27.03,100.00,97723.14,0.00,88,355, Mon, 21/09/20, 20:56:28
1632171498,3649.63,5050.50,0.00,27.04,100.00,97728.59,0.00,88,356, Mon, 21/09/20, 20:58:18
1632171608,3676.47,5050.50,0.00,27.03,100.00,97736.75,0.00,88,357, Mon, 21/09/20, 21:00:08
1632171718,3649.63,5102.04,0.00,27.02,100.00,97738.15,0.00,87,358, Mon, 21/09/20, 21:01:58
1632171828,3676.47,5050.50,0.00,27.00,100.00,97739.25,0.00,88,359, Mon, 21/09/20, 21:03:48
1632171938,3649.63,5050.50,0.00,27.00,100.00,97741.19,0.00,88,360, Mon, 21/09/20, 21:05:38
1632172048,3623.18,5102.04,0.00,27.01,100.00,97743.59,0.00,88,361, Mon, 21/09/20, 21:07:28
1632172158,3623.18,5050.50,0.00,27.03,100.00,97742.97,0.00,80,362, Mon, 21/09/20, 21:09:18
1632172268,3649.63,5050.50,0.00,27.04,100.00,97742.19,0.00,88,363, Mon, 21/09/20, 21:11:08
1632172398,3623.18,5050.50,0.00,27.04,100.00,97748.40,0.00,82,364, Mon, 21/09/20, 21:13:18
1632172508,3623.18,5000.00,0.00,27.02,100.00,97756.07,0.00,87,365, Mon, 21/09/20, 21:15:08
1632172618,3623.18,5050.50,0.00,27.01,100.00,97762.64,0.00,87,366, Mon, 21/09/20, 21:16:58
1632172728,3623.18,5050.50,0.00,26.97,100.00,97764.05,0.00,87,367, Mon, 21/09/20, 21:18:48
1632172838,3623.18,5050.50,0.00,26.95,100.00,97762.24,0.00,85,368, Mon, 21/09/20, 21:20:38
1632172948,3649.63,5050.50,0.00,26.93,100.00,97766.07,0.00,87,369, Mon, 21/09/20, 21:22:28
1632173058,3649.63,5050.50,0.00,26.90,100.00,97760.95,0.00,87,370, Mon, 21/09/20, 21:24:18
1632173168,3623.18,5050.50,0.00,26.92,100.00,97762.55,0.00,87,371, Mon, 21/09/20, 21:26:08
1632173279,3623.18,5000.00,0.00,26.93,100.00,97768.49,0.00,87,372, Mon, 21/09/20, 21:27:59
1632173389,3649.63,5050.50,0.00,26.94,100.00,97768.49,0.00,87,373, Mon, 21/09/20, 21:29:49
1632173500,3597.12,5050.50,0.00,26.94,100.00,97778.27,0.00,87,374, Mon, 21/09/20, 21:31:40
1632173611,3623.18,5050.50,0.00,26.94,100.00,97772.34,0.00,87,375, Mon, 21/09/20, 21:33:31
1632173721,3597.12,5000.00,0.00,26.94,100.00,97778.27,0.00,87,376, Mon, 21/09/20, 21:35:21
1632173831,3597.12,5000.00,0.00,26.93,100.00,97778.55,0.00,87,377, Mon, 21/09/20, 21:37:11
1632173941,3623.18,5050.50,0.00,26.93,100.00,97779.37,0.00,87,378, Mon, 21/09/20, 21:39:01
1632174051,3623.18,5050.50,0.00,26.92,100.00,97795.19,0.00,86,379, Mon, 21/09/20, 21:40:51
1632174141,3597.12,5050.50,0.00,26.89,100.00,97789.25,0.00,86,380, Mon, 21/09/20, 21:42:21
1632174251,3623.18,5050.50,0.00,26.87,100.00,97796.09,0.00,86,381, Mon, 21/09/20, 21:44:11
1632174361,3597.12,5000.00,0.00,26.87,100.00,97789.06,0.00,86,382, Mon, 21/09/20, 21:46:01
1632174471,3597.12,5000.00,0.00,26.86,100.00,97785.53,0.00,86,383, Mon, 21/09/20, 21:47:51
1632174581,3597.12,5000.00,0.00,26.84,100.00,97791.59,0.00,82,384, Mon, 21/09/20, 21:49:41
1632174691,3623.18,5050.50,0.00,26.81,100.00,97787.24,0.00,86,385, Mon, 21/09/20, 21:51:31
1632174801,3597.12,5050.50,0.00,26.82,100.00,97798.94,0.00,86,386, Mon, 21/09/20, 21:53:21
1632174911,3623.18,5000.00,0.00,26.82,100.00,97801.65,0.00,86,387, Mon, 21/09/20, 21:55:11
1632175021,3597.12,5050.50,0.00,26.84,100.00,97802.47,0.00,86,388, Mon, 21/09/20, 21:57:01
1632175131,3597.12,5050.50,0.00,26.85,100.00,97801.34,0.00,86,389, Mon, 21/09/20, 21:58:51
1632175260,3597.12,5050.50,0.00,26.84,100.00,97803.56,0.00,86,390, Mon, 21/09/20, 22:01:00
1632175370,3571.42,5050.50,0.00,26.85,100.00,97805.69,0.00,86,391, Mon, 21/09/20, 22:02:50
1632175480,3571.42,5050.50,0.00,26.85,100.00,97808.90,0.00,86,392, Mon, 21/09/20, 22:04:40
1632175590,3571.42,5050.50,0.00,26.85,100.00,97805.69,0.00,85,393, Mon, 21/09/20, 22:06:30
1632175700,3571.42,5050.50,0.00,26.82,100.00,97808.69,0.00,85,394, Mon, 21/09/20, 22:08:20
1632175810,3571.42,5000.00,0.00,26.80,100.00,97792.19,0.00,85,395, Mon, 21/09/20, 22:10:10
1632175920,3571.42,5000.00,0.00,26.79,100.00,97801.43,0.00,85,396, Mon, 21/09/20, 22:12:00
1632176030,3571.42,5050.50,0.00,26.76,100.00,97795.49,0.00,85,397, Mon, 21/09/20, 22:13:50
1632176140,3571.42,5050.50,0.00,26.75,100.00,97805.09,0.00,85,398, Mon, 21/09/20, 22:15:40
1632176252,3571.42,5000.00,0.00,26.71,100.00,97799.92,0.00,85,399, Mon, 21/09/20, 22:17:32
1632176362,3571.42,5000.00,0.00,26.69,100.00,97800.51,0.00,85,400, Mon, 21/09/20, 22:19:22
1632176472,3571.42,5000.00,0.00,26.70,100.00,97805.95,0.00,85,401, Mon, 21/09/20, 22:21:12
1632176582,3571.42,5000.00,0.00,26.69,100.00,97800.51,0.00,85,402, Mon, 21/09/20, 22:23:02
1632176692,3571.42,5000.00,0.00,26.68,100.00,97800.01,0.00,83,403, Mon, 21/09/20, 22:24:52
1632176802,3571.42,5000.00,0.00,26.67,100.00,97789.14,0.00,85,404, Mon, 21/09/20, 22:26:42
1632176912,3571.42,5000.00,0.00,26.65,100.00,97790.55,0.00,85,405, Mon, 21/09/20, 22:28:32
1632177022,3571.42,5000.00,0.00,26.63,100.00,97790.86,0.00,85,406, Mon, 21/09/20, 22:30:22
1632177132,3571.42,5050.50,0.00,26.61,100.00,97787.63,0.00,80,407, Mon, 21/09/20, 22:32:12
1632177243,3571.42,5000.00,0.00,26.60,100.00,97793.38,0.00,85,408, Mon, 21/09/20, 22:34:03
1632177354,3571.42,5050.50,0.00,26.59,100.00,97780.89,0.00,85,409, Mon, 21/09/20, 22:35:54
1632177465,3571.42,5000.00,0.00,26.61,100.00,97780.57,0.00,85,410, Mon, 21/09/20, 22:37:45
1632177555,3571.42,5050.50,0.00,26.61,100.00,97787.63,0.00,85,411, Mon, 21/09/20, 22:39:15
1632177666,3571.42,5050.50,0.00,26.60,100.00,97784.42,0.00,85,412, Mon, 21/09/20, 22:41:06
1632177777,3571.42,5050.50,0.00,26.60,100.00,97787.13,0.00,85,413, Mon, 21/09/20, 22:42:57
1632177888,3571.42,5050.50,0.00,26.62,100.00,97787.32,0.00,85,414, Mon, 21/09/20, 22:44:48
1632177999,3571.42,5000.00,0.00,26.63,100.00,97792.45,0.00,85,415, Mon, 21/09/20, 22:46:39
1632178129,3571.42,5050.50,0.00,26.70,100.00,97786.92,0.00,85,416, Mon, 21/09/20, 22:48:49
1632178240,3571.42,5000.00,0.00,26.72,100.00,97790.68,0.00,85,417, Mon, 21/09/20, 22:50:40
1632178351,3571.42,5050.50,0.00,26.75,100.00,97792.26,0.00,85,418, Mon, 21/09/20, 22:52:31
1632178462,3571.42,5050.50,0.00,26.79,100.00,97797.12,0.00,85,419, Mon, 21/09/20, 22:54:22
1632178573,3571.42,5050.50,0.00,26.85,100.00,97791.28,0.00,85,420, Mon, 21/09/20, 22:56:13
1632178684,3571.42,5050.50,0.00,26.86,100.00,97794.50,0.00,85,421, Mon, 21/09/20, 22:58:04
1632178795,3571.42,5000.00,0.00,26.80,100.00,97796.53,0.00,83,422, Mon, 21/09/20, 22:59:55
1632178906,3571.42,5050.50,0.00,26.73,100.00,97801.55,0.00,84,423, Mon, 21/09/20, 23:01:46
1632179017,3546.09,5050.50,0.00,26.69,100.00,97800.82,0.00,84,424, Mon, 21/09/20, 23:03:37
1632179128,3546.09,5050.50,0.00,26.70,100.00,97805.14,0.00,84,425, Mon, 21/09/20, 23:05:28
1632179239,3571.42,5050.50,0.00,26.69,100.00,97805.14,0.00,84,426, Mon, 21/09/20, 23:07:19
1632179350,3546.09,5050.50,0.00,26.70,100.00,97800.51,0.00,84,427, Mon, 21/09/20, 23:09:10
1632179461,3546.09,5000.00,0.00,26.68,100.00,97800.51,0.00,84,428, Mon, 21/09/20, 23:11:01
1632179572,3546.09,5000.00,0.00,26.70,100.00,97809.20,0.00,84,429, Mon, 21/09/20, 23:12:52
1632179683,3571.42,5050.50,0.00,26.67,100.00,97806.55,0.00,80,430, Mon, 21/09/20, 23:14:43
1632179794,3546.09,5000.00,0.00,26.62,100.00,97810.97,0.00,84,431, Mon, 21/09/20, 23:16:34
1632179905,3571.42,5050.50,0.00,26.57,100.00,97820.84,0.00,84,432, Mon, 21/09/20, 23:18:25
1632180016,3546.09,5000.00,0.00,26.54,100.00,97813.62,0.00,84,433, Mon, 21/09/20, 23:20:16
1632180127,3546.09,5050.50,0.00,26.50,100.00,97811.80,0.00,84,434, Mon, 21/09/20, 23:22:07
1632180238,3546.09,5102.04,0.00,26.42,100.00,97812.19,0.00,84,435, Mon, 21/09/20, 23:23:58
1632180349,3546.09,5000.00,0.00,26.37,100.00,97811.19,0.00,83,436, Mon, 21/09/20, 23:25:49
1632180460,3546.09,5050.50,0.00,26.35,100.00,97817.51,0.00,83,437, Mon, 21/09/20, 23:27:40
1632180571,3546.09,5000.00,0.00,26.30,100.00,97815.40,0.00,83,438, Mon, 21/09/20, 23:29:31
1632180682,3546.09,5000.00,0.00,26.27,100.00,97811.65,0.00,83,439, Mon, 21/09/20, 23:31:22
1632180793,3546.09,5000.00,0.00,26.23,100.00,97798.68,0.00,83,440, Mon, 21/09/20, 23:33:13
1632180904,3546.09,5000.00,0.00,26.22,100.00,97805.20,0.00,83,441, Mon, 21/09/20, 23:35:04
1632181035,3546.09,5050.50,0.00,26.20,100.00,97801.20,0.00,83,442, Mon, 21/09/20, 23:37:15
1632181146,3546.09,5000.00,0.00,26.18,100.00,97790.41,0.00,83,443, Mon, 21/09/20, 23:39:06
1632181257,3546.09,5000.00,0.00,26.14,100.00,97798.87,0.00,83,444, Mon, 21/09/20, 23:40:57
1632181368,3546.09,5102.04,0.00,26.13,100.00,97792.62,0.00,83,445, Mon, 21/09/20, 23:42:48
1632181479,3546.09,5000.00,0.00,26.13,100.00,97791.81,0.00,83,446, Mon, 21/09/20, 23:44:39
1632181590,3546.09,5000.00,0.00,26.12,100.00,97802.17,0.00,83,447, Mon, 21/09/20, 23:46:30
1632181701,3546.09,5000.00,0.00,26.10,100.00,97803.29,0.00,83,448, Mon, 21/09/20, 23:48:21
1632181812,3546.09,5000.00,0.00,26.06,100.00,97787.57,0.00,83,449, Mon, 21/09/20, 23:50:12
1632181923,3546.09,5000.00,0.00,26.04,100.00,97788.97,0.00,77,450, Mon, 21/09/20, 23:52:03
1632182034,3546.09,5000.00,0.00,26.02,100.00,97783.31,0.00,83,451, Mon, 21/09/20, 23:53:54
1632182145,3546.09,5050.50,0.00,26.02,100.00,97777.87,0.00,83,452, Mon, 21/09/20, 23:55:45
1632182256,3546.09,5000.00,0.00,26.00,100.00,97775.47,0.00,83,453, Mon, 21/09/20, 23:57:36
1632182367,3546.09,5000.00,0.00,25.97,100.00,97782.30,0.00,83,454, Mon, 21/09/20, 23:59:27
1632182478,3546.09,5000.00,0.00,25.95,100.00,97780.99,0.00,83,455, Tue, 21/09/21, 00:01:18
1632182589,3546.09,5000.00,0.00,25.93,100.00,97779.69,0.00,83,456, Tue, 21/09/21, 00:03:09
1632182700,3546.09,5000.00,0.00,25.90,100.00,97788.92,0.00,83,457, Tue, 21/09/21, 00:05:00
1632182811,3546.09,5000.00,0.00,25.89,100.00,97783.80,0.00,83,458, Tue, 21/09/21, 00:06:51
1632182922,3546.09,5000.00,0.00,25.90,100.00,97785.39,0.00,83,459, Tue, 21/09/21, 00:08:42
1632183033,3546.09,5000.00,0.00,25.90,100.00,97783.50,0.00,83,460, Tue, 21/09/21, 00:10:33
1632183144,3546.09,5000.00,0.00,25.88,100.00,97786.00,0.00,83,461, Tue, 21/09/21, 00:12:24
1632183255,3546.09,5000.00,0.00,25.87,100.00,97787.90,0.00,83,462, Tue, 21/09/21, 00:14:15
1632183367,3546.09,5000.00,0.00,25.86,100.00,97787.09,0.00,83,463, Tue, 21/09/21, 00:16:07
1632183479,3546.09,4950.49,0.00,25.87,100.00,97796.87,0.00,83,464, Tue, 21/09/21, 00:17:59
1632183591,3546.09,5000.00,0.00,25.85,100.00,97801.79,0.00,83,465, Tue, 21/09/21, 00:19:51
1632183702,3546.09,5000.00,0.00,25.87,100.00,97800.39,0.00,82,466, Tue, 21/09/21, 00:21:42
1632183814,3546.09,4950.49,0.00,25.88,100.00,97801.99,0.00,82,467, Tue, 21/09/21, 00:23:34
1632183946,3521.12,4901.96,0.00,25.90,100.00,97793.54,0.00,74,468, Tue, 21/09/21, 00:25:46
1632184058,3546.09,4950.49,0.00,25.94,100.00,97797.57,0.00,79,469, Tue, 21/09/21, 00:27:38
1632184170,3546.09,4950.49,0.00,25.95,100.00,97800.80,0.00,76,470, Tue, 21/09/21, 00:29:30
1632184282,3546.09,4950.49,0.00,25.95,100.00,97805.14,0.00,78,471, Tue, 21/09/21, 00:31:22
1632184394,3546.09,4950.49,0.00,25.96,100.00,97804.84,0.00,82,472, Tue, 21/09/21, 00:33:14
1632184506,3546.09,4950.49,0.00,25.98,100.00,97806.15,0.00,82,473, Tue, 21/09/21, 00:35:06
1632184618,3546.09,4950.49,0.00,26.02,100.00,97804.76,0.00,82,474, Tue, 21/09/21, 00:36:58
1632184730,3546.09,4950.49,0.00,26.00,100.00,97805.34,0.00,82,475, Tue, 21/09/21, 00:38:50
1632184842,3546.09,4950.49,0.00,25.98,100.00,97801.81,0.00,82,476, Tue, 21/09/21, 00:40:42
1632184933,3546.09,4950.49,0.00,25.96,100.00,97804.32,0.00,82,477, Tue, 21/09/21, 00:42:13
1632185046,3546.09,4950.49,0.00,25.94,100.00,97806.54,0.00,82,478, Tue, 21/09/21, 00:44:06
1632185158,3546.09,4950.49,0.00,25.93,100.00,97807.62,0.00,82,479, Tue, 21/09/21, 00:45:58
1632185270,3546.09,4950.49,0.00,25.92,100.00,97802.50,0.00,82,480, Tue, 21/09/21, 00:47:50
1632185382,3546.09,4950.49,0.00,25.89,100.00,97803.62,0.00,82,481, Tue, 21/09/21, 00:49:42
1632185494,3546.09,4901.96,0.00,25.87,100.00,97801.49,0.00,82,482, Tue, 21/09/21, 00:51:34
1632185606,3546.09,4950.49,0.00,25.87,100.00,97800.67,0.00,82,483, Tue, 21/09/21, 00:53:26
1632185718,3546.09,4950.49,0.00,25.81,100.00,97796.15,0.00,82,484, Tue, 21/09/21, 00:55:18
1632185830,3546.09,4950.49,0.00,25.79,100.00,97792.42,0.00,82,485, Tue, 21/09/21, 00:57:10
1632185942,3546.09,4950.49,0.00,25.73,100.00,97784.05,0.00,82,486, Tue, 21/09/21, 00:59:02
1632186055,3546.09,4901.96,0.00,25.71,100.00,97787.37,0.00,82,487, Tue, 21/09/21, 01:00:55
1632186167,3546.09,4901.96,0.00,25.70,100.00,97786.86,0.00,82,488, Tue, 21/09/21, 01:02:47
1632186279,3546.09,4950.49,0.00,25.70,100.00,97783.32,0.00,82,489, Tue, 21/09/21, 01:04:39
1632186392,3546.09,4901.96,0.00,25.69,100.00,97781.44,0.00,82,490, Tue, 21/09/21, 01:06:32
1632186504,3546.09,4950.49,0.00,25.69,100.00,97779.80,0.00,82,491, Tue, 21/09/21, 01:08:24
1632186616,3546.09,4950.49,0.00,25.65,100.00,97788.25,0.00,81,492, Tue, 21/09/21, 01:10:16
1632186728,3546.09,4854.36,0.00,25.65,100.00,97781.19,0.00,81,493, Tue, 21/09/21, 01:12:08
1632186860,3546.09,4901.96,0.00,25.62,100.00,97780.18,0.00,81,494, Tue, 21/09/21, 01:14:20
1632186972,3546.09,4901.96,0.00,25.61,100.00,97785.09,0.00,81,495, Tue, 21/09/21, 01:16:12
1632187085,3546.09,4901.96,0.00,25.56,100.00,97782.99,0.00,81,496, Tue, 21/09/21, 01:18:05
1632187197,3546.09,4901.96,0.00,25.54,100.00,97785.19,0.00,81,497, Tue, 21/09/21, 01:19:57
1632187309,3546.09,4901.96,0.00,25.53,100.00,97779.25,0.00,81,498, Tue, 21/09/21, 01:21:49
1632187421,3546.09,4901.96,0.00,25.53,100.00,97787.40,0.00,81,499, Tue, 21/09/21, 01:23:41
1632187533,3546.09,4901.96,0.00,25.48,100.00,97775.52,0.00,81,500, Tue, 21/09/21, 01:25:33
1632187645,3571.42,4901.96,0.00,25.50,100.00,97770.09,0.00,81,501, Tue, 21/09/21, 01:27:25
1632187757,3546.09,4854.36,0.00,25.52,100.00,97769.49,0.00,81,502, Tue, 21/09/21, 01:29:17
1632187869,3546.09,4901.96,0.00,25.50,100.00,97764.37,0.00,81,503, Tue, 21/09/21, 01:31:09
1632187981,3546.09,4901.96,0.00,25.48,100.00,97769.28,0.00,81,504, Tue, 21/09/21, 01:33:01
1632188093,3546.09,4854.36,0.00,25.45,100.00,97768.77,0.00,81,505, Tue, 21/09/21, 01:34:53
1632188205,3546.09,4807.69,0.00,25.44,100.00,97773.69,0.00,80,506, Tue, 21/09/21, 01:36:45
1632188297,3546.09,4807.69,0.00,25.43,100.00,97769.65,0.00,80,507, Tue, 21/09/21, 01:38:17
1632188412,3546.09,4761.90,0.00,25.39,100.00,97766.40,0.00,80,508, Tue, 21/09/21, 01:40:12
1632188524,3546.09,4761.90,0.00,25.43,100.00,97764.22,0.00,80,509, Tue, 21/09/21, 01:42:04
1632188636,3571.42,4716.98,0.00,25.43,100.00,97764.22,0.00,80,510, Tue, 21/09/21, 01:43:56
1632188748,3571.42,4761.90,0.00,25.45,100.00,97760.94,0.00,80,511, Tue, 21/09/21, 01:45:48
1632188860,3571.42,4761.90,0.00,25.46,100.00,97761.44,0.00,80,512, Tue, 21/09/21, 01:47:40
1632188972,3571.42,4716.98,0.00,25.53,100.00,97751.30,0.00,80,513, Tue, 21/09/21, 01:49:32
1632189084,3571.42,4761.90,0.00,25.54,100.00,97757.25,0.00,80,514, Tue, 21/09/21, 01:51:24
1632189196,3571.42,4716.98,0.00,25.54,100.00,97748.29,0.00,80,515, Tue, 21/09/21, 01:53:16
1632189308,3571.42,4716.98,0.00,25.50,100.00,97742.15,0.00,80,516, Tue, 21/09/21, 01:55:08
1632189421,3571.42,4672.89,0.00,25.47,100.00,97744.35,0.00,80,517, Tue, 21/09/21, 01:57:01
1632189533,3571.42,4672.89,0.00,25.45,100.00,97740.31,0.00,80,518, Tue, 21/09/21, 01:58:53
1632189645,3571.42,4672.89,0.00,25.42,100.00,97740.62,0.00,80,519, Tue, 21/09/21, 02:00:45
1632189778,3571.42,4672.89,0.00,25.43,100.00,97736.28,0.00,80,520, Tue, 21/09/21, 02:02:58
1632189890,3571.42,4672.89,0.00,25.45,100.00,97741.94,0.00,80,521, Tue, 21/09/21, 02:04:50
1632190003,3571.42,4672.89,0.00,25.48,100.00,97742.96,0.00,80,522, Tue, 21/09/21, 02:06:43
1632190116,3571.42,4672.89,0.00,25.52,100.00,97742.35,0.00,80,523, Tue, 21/09/21, 02:08:36
1632190229,3571.42,4672.89,0.00,25.54,100.00,97742.07,0.00,80,524, Tue, 21/09/21, 02:10:29
1632190342,3571.42,4672.89,0.00,25.54,100.00,97747.20,0.00,80,525, Tue, 21/09/21, 02:12:22
1632190455,3571.42,4629.62,0.00,25.56,100.00,97746.90,0.00,80,526, Tue, 21/09/21, 02:14:15
1632190568,3571.42,4629.62,0.00,25.54,100.00,97748.29,0.00,80,527, Tue, 21/09/21, 02:16:08
1632190681,3571.42,4629.62,0.00,25.51,100.00,97735.61,0.00,80,528, Tue, 21/09/21, 02:18:01
1632190794,3571.42,4629.62,0.00,25.48,100.00,97738.62,0.00,80,529, Tue, 21/09/21, 02:19:54
1632190907,3571.42,4629.62,0.00,25.47,100.00,97731.30,0.00,80,530, Tue, 21/09/21, 02:21:47
1632191020,3571.42,4629.62,0.00,25.45,100.00,97732.69,0.00,80,531, Tue, 21/09/21, 02:23:40
1632191133,3571.42,4629.62,0.00,25.44,100.00,97740.31,0.00,80,532, Tue, 21/09/21, 02:25:33
1632191246,3571.42,4629.62,0.00,25.42,100.00,97741.70,0.00,80,533, Tue, 21/09/21, 02:27:26
1632191359,3571.42,4629.62,0.00,25.39,100.00,97739.26,0.00,80,534, Tue, 21/09/21, 02:29:19
1632191472,3571.42,4629.62,0.00,25.38,100.00,97726.00,0.00,78,535, Tue, 21/09/21, 02:31:12
1632191585,3571.42,4629.62,0.00,25.37,100.00,97734.45,0.00,79,536, Tue, 21/09/21, 02:33:05
1632191698,3571.42,4629.62,0.00,25.37,100.00,97719.25,0.00,79,537, Tue, 21/09/21, 02:34:58
1632191811,3571.42,4629.62,0.00,25.36,100.00,97716.55,0.00,79,538, Tue, 21/09/21, 02:36:51
1632191924,3571.42,4629.62,0.00,25.38,100.00,97727.09,0.00,79,539, Tue, 21/09/21, 02:38:44
1632192037,3571.42,4587.15,0.00,25.39,100.00,97721.39,0.00,79,540, Tue, 21/09/21, 02:40:37
1632192150,3571.42,4587.15,0.00,25.40,100.00,97717.56,0.00,79,541, Tue, 21/09/21, 02:42:30
1632192263,3571.42,4587.15,0.00,25.44,100.00,97720.81,0.00,79,542, Tue, 21/09/21, 02:44:23
1632192377,3571.42,4587.15,0.00,25.46,100.00,97728.89,0.00,79,543, Tue, 21/09/21, 02:46:17
1632192490,3571.42,4587.15,0.00,25.46,100.00,97721.82,0.00,79,544, Tue, 21/09/21, 02:48:10
1632192583,3571.42,4587.15,0.00,25.45,100.00,97726.45,0.00,79,545, Tue, 21/09/21, 02:49:43
1632192714,3571.42,4587.15,0.00,25.45,100.00,97715.90,0.00,79,546, Tue, 21/09/21, 02:51:54
1632192847,3571.42,4587.15,0.00,25.46,100.00,97715.59,0.00,77,547, Tue, 21/09/21, 02:54:07
1632192960,3571.42,4545.45,0.00,25.51,100.00,97713.62,0.00,78,548, Tue, 21/09/21, 02:56:00
1632193073,3571.42,4545.45,0.00,25.56,100.00,97714.32,0.00,76,549, Tue, 21/09/21, 02:57:53
1632193186,3571.42,4545.45,0.00,25.62,100.00,97711.55,0.00,78,550, Tue, 21/09/21, 02:59:46
1632193299,3571.42,4545.45,0.00,25.64,100.00,97697.36,0.00,78,551, Tue, 21/09/21, 03:01:39
1632193412,3571.42,4545.45,0.00,25.68,100.00,97696.78,0.00,78,552, Tue, 21/09/21, 03:03:32
1632193525,3571.42,4545.45,0.00,25.71,100.00,97696.99,0.00,78,553, Tue, 21/09/21, 03:05:25
1632193638,3571.42,4545.45,0.00,25.76,100.00,97695.28,0.00,78,554, Tue, 21/09/21, 03:07:18
1632193751,3571.42,4504.50,0.00,25.76,100.00,97699.62,0.00,78,555, Tue, 21/09/21, 03:09:11
1632193864,3571.42,4504.50,0.00,25.79,100.00,97688.14,0.00,78,556, Tue, 21/09/21, 03:11:04
1632193977,3571.42,4545.45,0.00,25.80,100.00,97688.34,0.00,78,557, Tue, 21/09/21, 03:12:57
1632194090,3571.42,4545.45,0.00,25.81,100.00,97689.15,0.00,78,558, Tue, 21/09/21, 03:14:50
1632194203,3571.42,4504.50,0.00,25.82,100.00,97694.57,0.00,78,559, Tue, 21/09/21, 03:16:43
1632194316,3571.42,4504.50,0.00,25.80,100.00,97700.62,0.00,78,560, Tue, 21/09/21, 03:18:36
1632194429,3571.42,4504.50,0.00,25.78,100.00,97705.82,0.00,78,561, Tue, 21/09/21, 03:20:29
1632194542,3571.42,4504.50,0.00,25.75,100.00,97692.56,0.00,78,562, Tue, 21/09/21, 03:22:22
1632194655,3571.42,4504.50,0.00,25.71,100.00,97693.15,0.00,78,563, Tue, 21/09/21, 03:24:15
1632194768,3571.42,4504.50,0.00,25.69,100.00,97698.37,0.00,78,564, Tue, 21/09/21, 03:26:08
1632194881,3571.42,4504.50,0.00,25.65,100.00,97705.50,0.00,78,565, Tue, 21/09/21, 03:28:01
1632194994,3571.42,4464.28,0.00,25.67,100.00,97705.20,0.00,78,566, Tue, 21/09/21, 03:29:54
1632195107,3571.42,4464.28,0.00,25.65,100.00,97715.27,0.00,78,567, Tue, 21/09/21, 03:31:47
1632195220,3571.42,4424.77,0.00,25.62,100.00,97705.00,0.00,78,568, Tue, 21/09/21, 03:33:40
1632195333,3571.42,4424.77,0.00,25.56,100.00,97711.62,0.00,78,569, Tue, 21/09/21, 03:35:33
1632195446,3571.42,4424.77,0.00,25.53,100.00,97712.50,0.00,76,570, Tue, 21/09/21, 03:37:26
1632195559,3571.42,4385.96,0.00,25.46,100.00,97707.45,0.00,78,571, Tue, 21/09/21, 03:39:19
1632195672,3571.42,4424.77,0.00,25.43,100.00,97704.53,0.00,78,572, Tue, 21/09/21, 03:41:12
1632195806,3571.42,4385.96,0.00,25.38,100.00,97706.71,0.00,70,573, Tue, 21/09/21, 03:43:26
1632195919,3571.42,4424.77,0.00,25.43,100.00,97706.44,0.00,78,574, Tue, 21/09/21, 03:45:19
1632196032,3571.42,4424.77,0.00,25.45,100.00,97710.16,0.00,78,575, Tue, 21/09/21, 03:47:12
1632196145,3571.42,4385.96,0.00,25.48,100.00,97694.90,0.00,77,576, Tue, 21/09/21, 03:49:05
1632196258,3571.42,4424.77,0.00,25.51,100.00,97702.76,0.00,77,577, Tue, 21/09/21, 03:50:58
1632196372,3571.42,4424.77,0.00,25.53,100.00,97702.47,0.00,77,578, Tue, 21/09/21, 03:52:52
1632196486,3571.42,4385.96,0.00,25.54,100.00,97700.25,0.00,77,579, Tue, 21/09/21, 03:54:46
1632196600,3571.42,4385.96,0.00,25.54,100.00,97696.74,0.00,77,580, Tue, 21/09/21, 03:56:40
1632196714,3571.42,4347.82,0.00,25.57,100.00,97709.72,0.00,77,581, Tue, 21/09/21, 03:58:34
1632196828,3571.42,4385.96,0.00,25.59,100.00,97702.09,0.00,77,582, Tue, 21/09/21, 04:00:28
1632196942,3571.42,4385.96,0.00,25.57,100.00,97702.09,0.00,77,583, Tue, 21/09/21, 04:02:22
1632197056,3571.42,4385.96,0.00,25.57,100.00,97703.17,0.00,77,584, Tue, 21/09/21, 04:04:16
1632197170,3571.42,4347.82,0.00,25.55,100.00,97699.17,0.00,77,585, Tue, 21/09/21, 04:06:10
1632197284,3571.42,4347.82,0.00,25.54,100.00,97704.09,0.00,77,586, Tue, 21/09/21, 04:08:04
1632197398,3571.42,4347.82,0.00,25.55,100.00,97703.78,0.00,77,587, Tue, 21/09/21, 04:09:58
1632197512,3571.42,4310.34,0.00,25.59,100.00,97702.39,0.00,77,588, Tue, 21/09/21, 04:11:52
1632197626,3571.42,4310.34,0.00,25.60,100.00,97704.49,0.00,76,589, Tue, 21/09/21, 04:13:46
1632197740,3571.42,4347.82,0.00,25.60,100.00,97709.11,0.00,76,590, Tue, 21/09/21, 04:15:40
1632197854,3571.42,4347.82,0.00,25.62,100.00,97708.01,0.00,76,591, Tue, 21/09/21, 04:17:34
1632197968,3571.42,4310.34,0.00,25.64,100.00,97704.69,0.00,76,592, Tue, 21/09/21, 04:19:28
1632198082,3571.42,4273.50,0.00,25.63,100.00,97701.19,0.00,76,593, Tue, 21/09/21, 04:21:22
1632198196,3571.42,4273.50,0.00,25.64,100.00,97691.62,0.00,76,594, Tue, 21/09/21, 04:23:16
1632198290,3571.42,4273.50,0.00,25.65,100.00,97681.89,0.00,76,595, Tue, 21/09/21, 04:24:50
1632198404,3571.42,4310.34,0.00,25.65,100.00,97693.56,0.00,76,596, Tue, 21/09/21, 04:26:44
1632198518,3571.42,4273.50,0.00,25.65,100.00,97687.82,0.00,76,597, Tue, 21/09/21, 04:28:38
1632198633,3571.42,4310.34,0.00,25.68,100.00,97687.51,0.00,76,598, Tue, 21/09/21, 04:30:33
1632198768,3597.12,4237.28,0.00,25.70,100.00,97689.92,0.00,76,599, Tue, 21/09/21, 04:32:48
1632198882,3623.18,4237.28,0.00,25.71,100.00,97687.72,0.00,76,600, Tue, 21/09/21, 04:34:42
1632