1606232345,0,0,0,24.62,38.08,98607.06,2284,9,0, Tue, 20/11/24, 15:39:05
1606232451,0,0,0,24.54,38.51,98608.42,2435,9,1, Tue, 20/11/24, 15:40:51
1606232555,0,0,0,24.79,38.04,98607.65,2296,9,2, Tue, 20/11/24, 15:42:35
1606232660,0,0,0,24.98,37.97,98600.58,2697,9,3, Tue, 20/11/24, 15:44:20
1606232765,0,0,0,25.14,37.93,98604.64,2619,9,4, Tue, 20/11/24, 15:46:05
1606232868,0,0,0,25.28,37.43,98608.15,2457,9,5, Tue, 20/11/24, 15:47:48
1606232974,0,0,0,24.87,37.47,98608.19,2228,8,6, Tue, 20/11/24, 15:49:34
1606233079,0,0,0,24.15,38.48,98618.1,2025,8,7, Tue, 20/11/24, 15:51:19
1606233184,0,0,0,23.68,39.86,98620.3,1815,7,8, Tue, 20/11/24, 15:53:04
1606233287,0,0,0,23.42,39.82,98615.01,1735,8,9, Tue, 20/11/24, 15:54:47
1606233394,0,0,0,23.35,40.08,98616.61,1805,8,10, Tue, 20/11/24, 15:56:34
1606233498,0,0,0,23.57,39.99,98615.38,1737,8,11, Tue, 20/11/24, 15:58:18
1606233603,0,0,0,23.98,40.34,98616.64,1578,8,12, Tue, 20/11/24, 16:00:03
1606233725,0,0,0,24.36,38.78,98607.31,1925,9,13, Tue, 20/11/24, 16:02:05
1606233832,0,0,0,24.86,38.62,98606.58,1863,8,14, Tue, 20/11/24, 16:03:52
1606233936,0,0,0,25.07,37.46,98598.95,1783,9,15, Tue, 20/11/24, 16:05:36
1606234040,0,0,0,25.11,37.71,98600.31,1699,8,16, Tue, 20/11/24, 16:07:20
1606234143,0,0,0,25.05,38.1,98601.12,1622,8,17, Tue, 20/11/24, 16:09:03
1606234250,0,0,0,24.85,38.2,98595.72,1559,7,18, Tue, 20/11/24, 16:10:50
1606234357,0,0,0,24.65,39.23,98595.68,1442,8,19, Tue, 20/11/24, 16:12:37
1606234461,0,0,0,24.34,40.39,98595.1,1336,8,20, Tue, 20/11/24, 16:14:21
1606234569,0,0,0,23.96,40.81,98606.08,1304,8,21, Tue, 20/11/24, 16:16:09
1606234672,0,0,0,23.71,40.93,98611.39,1251,6,22, Tue, 20/11/24, 16:17:52
1606234777,0,0,0,23.43,41.23,98609.1,1152,7,23, Tue, 20/11/24, 16:19:37
1606234884,0,0,0,23.12,41.21,98604.26,989,7,24, Tue, 20/11/24, 16:21:24
1606234988,0,0,0,22.87,42.24,98603.55,1008,7,25, Tue, 20/11/24, 16:23:08
1606235112,0,0,0,22.71,42.27,98599.65,939,4,26, Tue, 20/11/24, 16:25:12
1606235215,0,0,0,22.55,42.48,98597.85,900,8,27, Tue, 20/11/24, 16:26:55
1606235320,0,0,0,22.37,42.89,98601.18,884,6,28, Tue, 20/11/24, 16:28:40
1606235426,0,0,0,22.22,43.83,98595.94,860,7,29, Tue, 20/11/24, 16:30:26
1606235533,0,0,0,22.13,44.01,98606.05,831,7,30, Tue, 20/11/24, 16:32:13
1606235638,0,0,0,22.04,44.5,98597.05,783,8,31, Tue, 20/11/24, 16:33:58
1606235743,0,0,0,21.92,44.39,98599.64,834,7,32, Tue, 20/11/24, 16:35:43
1606235849,0,0,0,21.87,44.96,98597.69,909,7,33, Tue, 20/11/24, 16:37:29
1606235956,0,0,0,21.85,45.06,98604.65,919,7,34, Tue, 20/11/24, 16:39:16
1606236062,0,0,0,21.81,45.25,98603,877,7,35, Tue, 20/11/24, 16:41:02
1606236167,0,0,0,21.79,45.07,98600.8,855,7,36, Tue, 20/11/24, 16:42:47
1606236273,0,0,0,21.76,45.12,98610.48,840,7,37, Tue, 20/11/24, 16:44:33
1606236381,0,0,0,21.67,45.28,98610.9,811,8,38, Tue, 20/11/24, 16:46:21
1606236503,0,0,0,21.59,46.18,98607,770,7,39, Tue, 20/11/24, 16:48:23
1606236608,0,0,0,21.52,45.54,98616.1,732,7,40, Tue, 20/11/24, 16:50:08
1606236712,0,0,0,21.5,45.91,98614.7,693,7,41, Tue, 20/11/24, 16:51:52
1606236815,0,0,0,21.45,45.99,98620.85,672,7,42, Tue, 20/11/24, 16:53:35
1606236919,0,0,0,21.42,47,98610.82,638,7,43, Tue, 20/11/24, 16:55:19
1606237025,0,0,0,21.39,47.94,98619.98,624,7,44, Tue, 20/11/24, 16:57:05
1606237132,0,0,0,21.36,47.54,98627.75,612,7,45, Tue, 20/11/24, 16:58:52
1606237238,0,0,0,21.31,47.37,98624.95,584,7,46, Tue, 20/11/24, 17:00:38
1606237344,0,0,0,21.2,48.54,98624.81,542,7,47, Tue, 20/11/24, 17:02:24
1606237452,0,0,0,21.07,47.45,98625.14,486,7,48, Tue, 20/11/24, 17:04:12
1606237555,0,0,0,21,46.71,98629.3,435,7,49, Tue, 20/11/24, 17:05:55
1606237662,0,0,0,20.87,48.42,98629.62,388,7,50, Tue, 20/11/24, 17:07:42
1606237768,0,0,0,20.62,48.3,98635.4,342,7,51, Tue, 20/11/24, 17:09:28
1606237890,0,0,0,20.26,53.21,98630.19,302,7,52, Tue, 20/11/24, 17:11:30
1606237997,0,0,0,19.98,53.98,98638.24,267,7,53, Tue, 20/11/24, 17:13:17
1606238105,0,0,0,19.71,55.18,98637.14,224,7,54, Tue, 20/11/24, 17:15:05
1606238211,0,0,0,19.51,54.88,98631.32,227,7,55, Tue, 20/11/24, 17:16:51
1606238316,0,0,0,19.39,54.63,98634.85,210,7,56, Tue, 20/11/24, 17:18:36
1606238419,0,0,0,19.35,56.21,98635.78,234,7,57, Tue, 20/11/24, 17:20:19
1606238524,0,0,0,19.28,62.27,98636.69,258,7,58, Tue, 20/11/24, 17:22:04
1606238630,0,0,0,19.2,67.67,98645.11,258,7,59, Tue, 20/11/24, 17:23:50
1606238736,0,0,0,19.02,65.05,98639.85,265,7,60, Tue, 20/11/24, 17:25:36
1606238841,0,0,0,18.78,64.26,98638.99,267,7,61, Tue, 20/11/24, 17:27:21
1606238947,0,0,0,18.56,65.85,98639.55,254,7,62, Tue, 20/11/24, 17:29:07
1606239052,0,0,0,18.38,67.15,98636.08,231,7,63, Tue, 20/11/24, 17:30:52
1606239160,0,0,0,18.2,67.71,98628.3,196,7,64, Tue, 20/11/24, 17:32:40
1606239283,0,0,0,18.02,69.62,98632.08,166,6,65, Tue, 20/11/24, 17:34:43
1606239391,0,0,0,17.8,70.41,98633.98,151,6,66, Tue, 20/11/24, 17:36:31
1606239495,0,0,0,17.6,73.22,98641.44,137,6,67, Tue, 20/11/24, 17:38:15
1606239602,0,0,0,17.35,75.49,98645.:0,123,6,68, Tue, 20/11/24, 17:40:02
1606239707,0,0,0,17.13,76.03,98646.4,109,6,69, Tue, 20/11/24, 17:41:47
1606239815,0,0,0,16.98,76.72,98649.64,98,6,70, Tue, 20/11/24, 17:43:35
1606239921,0,0,0,16.87,76.92,98651.39,87,6,71, Tue, 20/11/24, 17:45:21
1606240025,0,0,0,16.93,74.07,98662.06,77,6,72, Tue, 20/11/24, 17:47:05
1606240131,0,0,0,17,72.73,98659.3,68,6,73, Tue, 20/11/24, 17:48:51
1606240238,0,0,0,17.01,72.08,98659.11,59,6,74, Tue, 20/11/24, 17:50:38
1606240345,0,0,0,17.1,70.05,98652.4,53,6,75, Tue, 20/11/24, 17:52:25
1606240451,0,0,0,17.17,68.86,98662.05,44,6,76, Tue, 20/11/24, 17:54:11
1606240555,0,0,0,17.19,69.13,98654.81,37,6,77, Tue, 20/11/24, 17:55:55
1606240677,0,0,0,16.92,72.09,98657.95,28,6,78, Tue, 20/11/24, 17:57:57
1606240783,0,0,0,16.67,72.51,98649.69,22,6,79, Tue, 20/11/24, 17:59:43
1606240890,0,0,0,16.37,76.57,98652.14,15,6,80, Tue, 20/11/24, 18:01:30
1606240995,0,0,0,16.09,81.26,98653.52,11,6,81, Tue, 20/11/24, 18:03:15
1606241101,0,0,0,15.93,84.99,98647.02,7,6,82, Tue, 20/11/24, 18:05:01
1606241205,0,0,0,15.75,83.86,98646.69,6,6,83, Tue, 20/11/24, 18:06:45
1606241311,0,0,0,15.53,84.78,98657.86,4,6,84, Tue, 20/11/24, 18:08:31
1606241419,0,0,0,15.32,85.87,98659.74,3,6,85, Tue, 20/11/24, 18:10:19
1606241526,0,0,0,15.21,86.91,98662.22,1,5,86, Tue, 20/11/24, 18:12:06
1606241631,0,0,0,15.07,87.37,98653.39,1,6,87, Tue, 20/11/24, 18:13:51
1606241739,0,0,0,14.92,87.08,98652.76,0,6,88, Tue, 20/11/24, 18:15:39
1606241847,0,0,0,14.85,86.96,98654.64,0,6,89, Tue, 20/11/24, 18:17:27
1606241954,0,0,0,14.85,87.26,98641.9,0,6,90, Tue, 20/11/24, 18:19:14
1606242076,0,0,0,14.81,88.17,98657.92,0,6,91, Tue, 20/11/24, 18:21:16
1606242181,0,0,0,14.65,87.21,98653.81,0,6,92, Tue, 20/11/24, 18:23:01
1606242285,0,0,0,14.61,85.45,98654.22,0,6,93, Tue, 20/11/24, 18:24:45
1606242391,0,0,0,14.68,84.3,98651.56,0,6,94, Tue, 20/11/24, 18:26:31
1606242499,0,0,0,14.82,83.49,98652.38,0,6,95, Tue, 20/11/24, 18:28:19
1606242603,0,0,0,14.84,84.38,98652.19,0,6,96, Tue, 20/11/24, 18:30:03
1606242709,0,0,0,14.72,85.36,98651.95,0,6,97, Tue, 20/11/24, 18:31:49
1606242817,0,0,0,14.65,88.95,98652.:0,0,6,98, Tue, 20/11/24, 18:33:37
1606242926,0,0,0,14.52,90.53,98658.3,0,6,99, Tue, 20/11/24, 18:35:26
1606243034,0,0,0,14.43,91.86,98657.7,0,6,100, Tue, 20/11/24, 18:37:14
1606243138,0,0,0,14.34,93.32,98658.9,0,6,101, Tue, 20/11/24, 18:38:58
1606243241,0,0,0,14.23,93.42,98665.61,0,6,102, Tue, 20/11/24, 18:40:41
1606243335,0,0,0,14.14,91.1,98663.12,0,6,103, Tue, 20/11/24, 18:42:15
1606243437,0,0,0,14.09,89.49,98667.6,0,6,104, Tue, 20/11/24, 18:43:57
1606243539,0,0,0,14.02,88.74,98671.28,0,6,105, Tue, 20/11/24, 18:45:39
1606243641,0,0,0,13.93,88.54,98662.62,0,4,106, Tue, 20/11/24, 18:47:21
1606243756,0,0,0,13.85,88.72,98672.48,0,6,107, Tue, 20/11/24, 18:49:16
1606243850,0,0,0,13.75,90.1,98668.51,0,6,108, Tue, 20/11/24, 18:50:50
1606243944,0,0,0,13.68,92.63,98675.64,0,6,109, Tue, 20/11/24, 18:52:24
1606244038,0,0,0,13.63,93.21,98679.72,0,6,110, Tue, 20/11/24, 18:53:58
1606244132,0,0,0,13.56,93.53,98679.06,0,6,111, Tue, 20/11/24, 18:55:32
1606244226,0,0,0,13.46,94.24,98684.75,0,6,112, Tue, 20/11/24, 18:57:06
1606244320,0,0,0,13.42,95.52,98683.5,0,6,113, Tue, 20/11/24, 18:58:40
1606244414,0,0,0,13.38,97.39,98683.25,0,6,114, Tue, 20/11/24, 19:00:14
1606244508,0,0,0,13.3,97.62,98686.69,0,6,115, Tue, 20/11/24, 19:01:48
1606244602,0,0,0,13.22,98.22,98686.85,0,6,116, Tue, 20/11/24, 19:03:22
1606244696,0,0,0,13.21,98.96,98692.38,0,6,117, Tue, 20/11/24, 19:04:56
1606244790,0,0,0,13.17,99.8,98689.49,0,6,118, Tue, 20/11/24, 19:06:30
1606244884,0,0,0,13.1,100,98691.06,0,6,119, Tue, 20/11/24, 19:08:04
1606245001,0,0,0,13.05,100,98696.15,0,6,120, Tue, 20/11/24, 19:10:01
1606245095,0,0,0,13.1,100,98700.7,0,6,121, Tue, 20/11/24, 19:11:35
1606245189,0,0,0,13.21,100,98708.35,0,6,122, Tue, 20/11/24, 19:13:09
1606245283,0,0,0,13.23,100,98702.44,0,6,123, Tue, 20/11/24, 19:14:43
1606245377,0,0,0,13.27,100,98702.88,0,6,124, Tue, 20/11/24, 19:16:17
1606245471,0,0,0,13.32,98.87,98714.14,0,3,125, Tue, 20/11/24, 19:17:51
1606245565,0,0,0,13.28,99.28,98712.69,0,6,126, Tue, 20/11/24, 19:19:25
1606245659,0,0,0,13.27,100,98709.22,0,6,127, Tue, 20/11/24, 19:20:59
1606245753,0,0,0,13.36,100,98712.52,0,6,128, Tue, 20/11/24, 19:22:33
1606245847,0,0,0,13.35,100,98717.24,0,6,129, Tue, 20/11/24, 19:24:07
1606245941,0,0,0,13.19,100,98712.2,0,6,130, Tue, 20/11/24, 19:25:41
1606246035,0,0,0,13.07,100,98718.08,0,6,131, Tue, 20/11/24, 19:27:15
1606246129,0,0,0,13.02,100,98712.48,0,6,132, Tue, 20/11/24, 19:28:49
1606246247,0,0,0,13.02,100,98717.78,0,6,133, Tue, 20/11/24, 19:30:47
1606246341,0,0,0,13.05,100,98721.11,0,6,134, Tue, 20/11/24, 19:32:21
1606246435,0,0,0,13.1,100,98717.68,0,6,135, Tue, 20/11/24, 19:33:55
1606246529,0,0,0,13.1,100,98721.8,0,6,136, Tue, 20/11/24, 19:35:29
1606246623,0,0,0,13.06,100,98714.58,0,6,137, Tue, 20/11/24, 19:37:03
1606246718,0,0,0,12.89,100,98720.15,0,6,138, Tue, 20/11/24, 19:38:38
1606246813,0,0,0,12.75,100,98731.06,0,6,139, Tue, 20/11/24, 19:40:13
1606246907,0,0,0,12.64,100,98733.01,0,6,140, Tue, 20/11/24, 19:41:47
1606247002,0,0,0,12.57,100,98732.94,0,6,141, Tue, 20/11/24, 19:43:22
1606247097,0,0,0,12.52,100,98735.72,0,6,142, Tue, 20/11/24, 19:44:57
1606247192,0,0,0,12.52,100,98736.56,0,6,143, Tue, 20/11/24, 19:46:32
1606247287,0,0,0,12.48,100,98739.58,0,6,144, Tue, 20/11/24, 19:48:07
1606247382,0,0,0,12.48,100,98745.92,0,6,145, Tue, 20/11/24, 19:49:42
1606247500,0,0,0,12.57,100,98747.24,0,5,146, Tue, 20/11/24, 19:51:40
1606247595,0,0,0,12.67,100,98749.81,0,6,147, Tue, 20/11/24, 19:53:15
1606247690,0,0,0,12.69,100,98751.24,0,6,148, Tue, 20/11/24, 19:54:50
1606247785,0,0,0,12.68,100,98754.92,0,6,149, Tue, 20/11/24, 19:56:25
1606247880,0,0,0,12.75,100,98756.62,0,6,150, Tue, 20/11/24, 19:58:00
1606247975,0,0,0,12.71,100,98751.06,0,6,151, Tue, 20/11/24, 19:59:35
1606248070,0,0,0,12.63,100,98761.85,0,6,152, Tue, 20/11/24, 20:01:10
1606248165,0,0,0,12.5,100,98765.98,0,6,153, Tue, 20/11/24, 20:02:45
1606248260,0,0,0,12.47,100,98766.36,0,6,154, Tue, 20/11/24, 20:04:20
1606248355,0,0,0,12.48,100,98768.82,0,6,155, Tue, 20/11/24, 20:05:55
1606248450,0,0,0,12.52,100,98773.15,0,6,156, Tue, 20/11/24, 20:07:30
1606248545,0,0,0,12.6,100,98776.32,0,5,157, Tue, 20/11/24, 20:09:05
1606248640,0,0,0,12.75,100,98780.76,0,5,158, Tue, 20/11/24, 20:10:40
1606248743,0,0,0,12.93,100,98773.:0,0,5,159, Tue, 20/11/24, 20:12:23
1606248861,0,0,0,13,100,98775.69,0,5,160, Tue, 20/11/24, 20:14:21
1606248956,0,0,0,12.94,100,98781.58,0,5,161, Tue, 20/11/24, 20:15:56
1606249051,0,0,0,13.1,100,98784.2,0,5,162, Tue, 20/11/24, 20:17:31
1606249146,0,0,0,13.1,100,98790.36,0,5,163, Tue, 20/11/24, 20:19:06
1606249241,0,0,0,12.89,100,98780.51,0,5,164, Tue, 20/11/24, 20:20:41
1606249336,0,0,0,12.76,100,98782.39,0,5,165, Tue, 20/11/24, 20:22:16
1606249431,0,0,0,12.72,100,98786.28,0,5,166, Tue, 20/11/24, 20:23:51
1606249526,0,0,0,12.73,100,98779.94,0,5,167, Tue, 20/11/24, 20:25:26
1606249621,0,117.09,0,12.63,100,98778.6,0,5,168, Tue, 20/11/24, 20:27:01
1606249716,0,125.53,0,12.47,100,98789.45,0,5,169, Tue, 20/11/24, 20:28:36
1606249809,0,133.72,0,12.39,100,98782.62,0,5,170, Tue, 20/11/24, 20:30:09
1606249903,0,143.34,0,12.35,100,98782.15,0,5,171, Tue, 20/11/24, 20:31:43
1606249997,0,156.59,0,12.38,100,98774.65,0,5,172, Tue, 20/11/24, 20:33:17
1606250113,0,178.76,0,12.51,100,98774.78,0,5,173, Tue, 20/11/24, 20:35:14
1606250206,0,199.36,0,12.56,100,98776.88,0,5,174, Tue, 20/11/24, 20:36:46
1606250299,0,224.31,0,12.52,100,98772.12,0,2,175, Tue, 20/11/24, 20:38:19
1606250392,0,251.88,0,12.52,100,98769.48,0,3,176, Tue, 20/11/24, 20:39:52
1606250483,0,279.17,0,12.56,100,98769.74,0,5,177, Tue, 20/11/24, 20:41:24
1606250575,0,307.31,0,12.61,100,98768.15,0,5,178, Tue, 20/11/24, 20:42:55
1606250667,0,335.34,0,12.64,100,98775.94,0,5,179, Tue, 20/11/24, 20:44:27
1606250759,0,363.37,0,12.57,100,98775.69,0,5,180, Tue, 20/11/24, 20:45:59
1606250851,0,390.93,0,12.43,100,98782.68,0,5,181, Tue, 20/11/24, 20:47:31
1606250943,0,418.41,0,12.46,100,98772.88,0,5,182, Tue, 20/11/24, 20:49:03
1606251035,0,445.23,0,12.47,100,98788.48,0,5,183, Tue, 20/11/24, 20:50:35
1606251127,0,472.14,0,12.4,100,98784.89,0,5,184, Tue, 20/11/24, 20:52:07
1606251218,0,500,0,12.23,100,98786.11,0,5,185, Tue, 20/11/24, 20:53:38
1606251318,0,530.78,0,12.01,100,98779.9,0,5,186, Tue, 20/11/24, 20:55:18
1606251433,0,566.89,0,11.93,100,98787.15,0,5,187, Tue, 20/11/24, 20:57:13
1606251524,0,595.94,0,11.94,100,98788.81,0,5,188, Tue, 20/11/24, 20:58:44
1606251614,0,625.78,0,11.94,100,98798.42,0,5,189, Tue, 20/11/24, 21:00:15
1606251705,0,654.45,0,11.96,100,98788.62,0,5,190, Tue, 20/11/24, 21:01:45
1606251796,0,684.93,0,11.98,100,98791.92,0,5,191, Tue, 20/11/24, 21:03:16
1606251887,0,715.3,0,12.03,100,98794.82,0,5,192, Tue, 20/11/24, 21:04:47
1606251978,0,745.15,0,12.1,100,98802.74,0,5,193, Tue, 20/11/24, 21:06:18
1606252069,0,773.99,0,12.14,100,98798.7,0,5,194, Tue, 20/11/24, 21:07:49
1606252160,0,803.85,0,12.17,100,98807.31,0,5,195, Tue, 20/11/24, 21:09:20
1606252251,0,831.94,0,12.1,100,98808.85,0,5,196, Tue, 20/11/24, 21:10:51
1606252342,0,859.1,0,12.02,100,98814.26,0,5,197, Tue, 20/11/24, 21:12:22
1606252433,0,884.95,0,11.93,100,98809.42,0,5,198, Tue, 20/11/24, 21:13:53
1606252524,0,914.07,0,11.82,100,98813.15,0,5,199, Tue, 20/11/24, 21:15:24
1606252623,0,941.61,0,11.67,100,98809.01,0,5,200, Tue, 20/11/24, 21:17:03
1606252736,0,972.76,0,11.5,100,98814.48,0,5,201, Tue, 20/11/24, 21:18:56
1606252827,0,996.01,0,11.46,100,98816.85,0,5,202, Tue, 20/11/24, 21:20:27
1606252918,0,1020.4,0,11.47,100,98809.52,0,5,203, Tue, 20/11/24, 21:21:58
1606253009,0,1041.66,0,11.44,100,98806.24,0,5,204, Tue, 20/11/24, 21:23:29
1606253100,0,1063.82,0,11.42,100,98811.06,0,5,205, Tue, 20/11/24, 21:25:00
1606253191,0,1086.95,0,11.34,100,98806.65,0,5,206, Tue, 20/11/24, 21:26:31
1606253282,0,1111.11,0,11.27,100,98798.58,0,5,207, Tue, 20/11/24, 21:28:02
1606253373,0,1128.66,0,11.22,100,98804.4,0,5,208, Tue, 20/11/24, 21:29:33
1606253464,0,1149.42,0,11.23,100,98802.6,0,5,209, Tue, 20/11/24, 21:31:04
1606253555,0,1170.96,0,11.26,100,98792.62,0,5,210, Tue, 20/11/24, 21:32:35
1606253646,0,1196.17,0,11.19,100,98794.19,0,5,211, Tue, 20/11/24, 21:34:06
1606253737,0,1210.65,0,11.21,100,98797.65,0,5,212, Tue, 20/11/24, 21:35:37
1606253828,0,1231.52,0,11.21,100,98786.22,0,4,213, Tue, 20/11/24, 21:37:08
1606253927,0,1256.28,0,11.19,100,98789.7,0,4,214, Tue, 20/11/24, 21:38:47
1606254041,0,1275.51,0,11.27,100,98792.44,0,4,215, Tue, 20/11/24, 21:40:41
1606254132,0,1295.33,0,11.38,100,98799.15,0,4,216, Tue, 20/11/24, 21:42:12
1606254223,0,1312.33,0,11.39,100,98805.1,0,4,217, Tue, 20/11/24, 21:43:43
1606254314,0,1326.25,0,11.32,100,98804,0,4,218, Tue, 20/11/24, 21:45:14
1606254405,0,1347.7,0,11.31,100,98802.72,0,3,219, Tue, 20/11/24, 21:46:45
1606254496,0,1362.39,0,11.31,100,98805.18,0,4,220, Tue, 20/11/24, 21:48:16
1606254587,0,1381.21,0,11.31,100,98806.19,0,4,221, Tue, 20/11/24, 21:49:47
1606254678,0,1400.56,0,11.19,100,98812.75,0,4,222, Tue, 20/11/24, 21:51:18
1606254769,0,1412.42,0,11.15,100,98810.62,0,4,223, Tue, 20/11/24, 21:52:49
1606254860,0,1428.57,0,11.21,100,98815.4,0,4,224, Tue, 20/11/24, 21:54:20
1606254951,0,1440.92,0,11.19,100,98806.61,0,4,225, Tue, 20/11/24, 21:55:51
1606255042,0,1457.72,0,11.17,100,98805.12,0,4,226, Tue, 20/11/24, 21:57:22
1606255133,0,1470.58,0,11.07,100,98805.39,0,4,227, Tue, 20/11/24, 21:58:53
1606255232,0,1492.53,0,10.94,100,98805.14,0,4,228, Tue, 20/11/24, 22:00:32
1606255331,0,1506.02,0,10.89,100,98799.75,0,4,229, Tue, 20/11/24, 22:02:11
1606255440,0,1519.75,0,10.97,100,98802.35,0,4,230, Tue, 20/11/24, 22:04:00
1606255531,0,1529.05,0,11.1,100,98801.75,0,4,231, Tue, 20/11/24, 22:05:31
1606255622,0,1543.2,0,11.14,100,98796.52,0,4,232, Tue, 20/11/24, 22:07:02
1606255713,0,1557.63,0,11.14,100,98801.69,0,4,233, Tue, 20/11/24, 22:08:33
1606255804,0,1572.32,0,11.15,100,98801.69,0,4,234, Tue, 20/11/24, 22:10:04
1606255895,0,1582.27,0,11.18,100,98798.85,0,3,235, Tue, 20/11/24, 22:11:35
1606255986,0,1597.44,0,11.23,100,98808.74,0,3,236, Tue, 20/11/24, 22:13:06
1606256077,0,1612.9,0,11.28,100,98813.51,0,3,237, Tue, 20/11/24, 22:14:37
1606256168,0,1623.37,0,11.31,100,98811.31,0,3,238, Tue, 20/11/24, 22:16:08
1606256259,0,1633.98,0,11.25,100,98809.56,0,3,239, Tue, 20/11/24, 22:17:39
1606256350,0,1639.34,0,11.22,100,98812.38,0,3,240, Tue, 20/11/24, 22:19:10
1606256441,0,1655.62,0,11.18,100,98811.1,0,3,241, Tue, 20/11/24, 22:20:41
1606256532,0,1666.66,0,11.07,100,98813.35,0,3,242, Tue, 20/11/24, 22:22:12
1606256642,0,1677.85,0,10.98,100,98816.25,0,3,243, Tue, 20/11/24, 22:24:02
1606256733,0,1689.18,0,10.96,100,98815.6,0,3,244, Tue, 20/11/24, 22:25:33
1606256824,0,1700.68,0,10.93,100,98818.6,0,3,245, Tue, 20/11/24, 22:27:04
1606256915,0,1712.32,0,10.85,100,98821.31,0,3,246, Tue, 20/11/24, 22:28:35
1606257006,0,1724.13,0,10.81,100,98822.65,0,2,247, Tue, 20/11/24, 22:30:06
1606257097,0,1730.1,0,10.77,100,98822,0,3,248, Tue, 20/11/24, 22:31:37
1606257188,0,1742.16,0,10.84,100,98825.95,0,3,249, Tue, 20/11/24, 22:33:08
1606257279,0,1748.25,0,10.9,100,98826.92,0,2,250, Tue, 20/11/24, 22:34:39
1606257370,0,1754.38,0,11,100,98817.7,0,3,251, Tue, 20/11/24, 22:36:10
1606257461,0,1766.78,0,11.03,100,98812.89,0,3,252, Tue, 20/11/24, 22:37:41
1606257552,0,1779.35,0,11.1,100,98815.65,0,2,253, Tue, 20/11/24, 22:39:12
1606257644,0,1798.56,0,11.14,100,98814.3,0,2,254, Tue, 20/11/24, 22:40:44
1606257736,0,1798.56,0,11.1,100,98811.35,0,2,255, Tue, 20/11/24, 22:42:16
1606257850,0,1805.05,0,11.09,100,98819.49,0,2,256, Tue, 20/11/24, 22:44:10
1606257942,0,1818.18,0,11.1,100,98817.3,0,2,257, Tue, 20/11/24, 22:45:42
1606258034,0,1818.18,0,11.19,100,98815.4,0,2,258, Tue, 20/11/24, 22:47:14
1606258126,0,1831.5,0,11.23,100,98819.35,0,2,259, Tue, 20/11/24, 22:48:46
1606258218,0,1845.01,0,11.23,100,98820.19,0,2,260, Tue, 20/11/24, 22:50:18
1606258310,0,1851.85,0,11.27,100,98824.28,0,1,261, Tue, 20/11/24, 22:51:50
1606258402,0,1858.73,0,11.32,100,98829.89,0,2,262, Tue, 20/11/24, 22:53:22
1606258494,0,1865.67,0,11.36,100,98828.52,0,1,263, Tue, 20/11/24, 22:54:54
1606258586,0,1879.69,0,11.43,100,98832.12,0,2,264, Tue, 20/11/24, 22:56:26
1606258678,0,1886.79,0,11.51,100,98830.39,0,2,265, Tue, 20/11/24, 22:57:58
1606258770,0,1893.93,0,11.59,100,98829.31,0,2,266, Tue, 20/11/24, 22:59:30
1606258862,0,1893.93,0,11.6,100,98833.45,0,2,267, Tue, 20/11/24, 23:01:02
1606258954,0,1901.14,0,11.61,100,98831.6,0,1,268, Tue, 20/11/24, 23:02:34
1606259054,0,1915.7,0,11.65,100,98830.26,0,1,269, Tue, 20/11/24, 23:04:14
1606259154,0,1923.07,0,11.68,100,98831.74,0,1,270, Tue, 20/11/24, 23:05:54
1606259270,0,1930.5,0,11.73,100,98831.2,0,1,271, Tue, 20/11/24, 23:07:50
1606259362,0,1930.5,0,11.72,100,98836.51,0,1,272, Tue, 20/11/24, 23:09:22
1606259454,0,1937.98,0,11.68,100,98833.56,0,1,273, Tue, 20/11/24, 23:10:54
1606259546,0,1945.52,0,11.67,100,98835.42,0,1,274, Tue, 20/11/24, 23:12:26
1606259638,0,1960.78,0,11.71,100,98834.2,0,1,275, Tue, 20/11/24, 23:13:58
1606259730,0,1953.12,0,11.73,100,98834.85,0,1,276, Tue, 20/11/24, 23:15:30
1606259822,0,1968.5,0,11.72,100,98831.55,0,1,277, Tue, 20/11/24, 23:17:02
1606259914,0,1976.28,0,11.69,100,98828.89,0,1,278, Tue, 20/11/24, 23:18:34
1606260006,0,1984.12,0,11.77,100,98829,0,1,279, Tue, 20/11/24, 23:20:06
1606260098,0,1984.12,0,11.86,100,98821.78,0,0,280, Tue, 20/11/24, 23:21:38
1606260190,0,1992.03,0,11.89,100,98826.74,0,0,281, Tue, 20/11/24, 23:23:10
1606260282,0,2000,0,11.86,100,98830.58,0,0,282, Tue, 20/11/24, 23:24:42
1606260374,0,2016.12,0,11.78,100,98830.65,0,0,283, Tue, 20/11/24, 23:26:14
1606260474,0,2016.12,0,11.71,100,98831.55,0,0,284, Tue, 20/11/24, 23:27:54
1606260574,0,2016.12,0,11.68,100,98831.92,0,0,285, Tue, 20/11/24, 23:29:34
1606260674,0,2032.52,0,11.6,100,98830.15,0,0,286, Tue, 20/11/24, 23:31:14
1606260774,0,2024.29,0,11.57,100,98830.5,0,0,287, Tue, 20/11/24, 23:32:54
1606260874,0,2032.52,0,11.56,100,98834.98,0,0,288, Tue, 20/11/24, 23:34:34
1606260974,0,2049.18,0,11.5,100,98834.86,0,0,289, Tue, 20/11/24, 23:36:14
1606261074,0,2049.18,0,11.47,100,98837.72,0,0,290, Tue, 20/11/24, 23:37:54
1606261174,0,2057.61,0,11.46,100,98846.05,0,0,291, Tue, 20/11/24, 23:39:34
1606261274,0,2049.18,0,11.43,100,98846.2,0,0,292, Tue, 20/11/24, 23:41:14
1606261374,0,2066.11,0,11.43,100,98840.1,0,0,293, Tue, 20/11/24, 23:42:54
1606261474,0,2074.68,0,11.4,100,98836.8,0,0,294, Tue, 20/11/24, 23:44:34
1606261588,0,2074.68,0,11.47,100,98841.38,0,0,295, Tue, 20/11/24, 23:46:28
1606261680,0,2083.33,0,11.48,100,98835.89,0,0,296, Tue, 20/11/24, 23:48:00
1606261772,0,2083.33,0,11.44,100,98819.65,0,0,297, Tue, 20/11/24, 23:49:32
1606261864,0,2092.05,0,11.47,100,98820.15,0,0,298, Tue, 20/11/24, 23:51:04
1606261956,0,2092.05,0,11.43,100,98817,0,0,299, Tue, 20/11/24, 23:52:36
1606262048,0,2100.84,0,11.25,100,98820.99,0,0,300, Tue, 20/11/24, 23:54:08
1606262140,0,2109.7,0,11.01,100,98814.25,0,0,301, Tue, 20/11/24, 23:55:40
1606262232,0,2118.64,0,10.81,100,98820,0,0,302, Tue, 20/11/24, 23:57:12
1606262324,0,2109.7,0,10.69,100,98813.45,0,0,303, Tue, 20/11/24, 23:58:44
1606262416,0,2127.65,0,10.61,100,98818.44,0,0,304, Wed, 20/11/25, 00:00:16
1606262508,0,2127.65,0,10.57,100,98821.8,0,0,305, Wed, 20/11/25, 00:01:48
1606262600,0,2136.75,0,10.6,100,98822.45,0,0,306, Wed, 20/11/25, 00:03:20
1606262692,0,2136.75,0,10.72,100,98811.28,0,0,307, Wed, 20/11/25, 00:04:52
1606262807,0,2145.92,0,10.85,100,98808.05,0,0,308, Wed, 20/11/25, 00:06:47
1606262899,0,2136.75,0,10.93,100,98807,0,0,309, Wed, 20/11/25, 00:08:19
1606262991,0,2145.92,0,10.97,100,98809.28,0,0,310, Wed, 20/11/25, 00:09:51
1606263083,0,2155.17,0,10.86,100,98806.88,0,0,311, Wed, 20/11/25, 00:11:23
1606263175,0,2145.92,0,10.81,100,98801.44,0,0,312, Wed, 20/11/25, 00:12:55
1606263267,0,2164.5,0,10.81,100,98797.98,0,0,313, Wed, 20/11/25, 00:14:27
1606263359,0,2164.5,0,10.73,100,98806.62,0,0,314, Wed, 20/11/25, 00:15:59
1606263451,0,2164.5,0,10.75,100,98793.19,0,0,315, Wed, 20/11/25, 00:17:31
1606263543,0,2173.91,0,10.75,100,98797.69,0,0,316, Wed, 20/11/25, 00:19:03
1606263635,0,2173.91,0,10.81,100,98800.42,0,0,317, Wed, 20/11/25, 00:20:35
1606263727,0,2173.91,0,10.8,100,98802.42,0,0,318, Wed, 20/11/25, 00:22:07
1606263819,0,2183.4,0,10.69,100,98803.69,0,0,319, Wed, 20/11/25, 00:23:39
1606263911,0,2183.4,0,10.59,100,98806.55,0,0,320, Wed, 20/11/25, 00:25:11
1606264012,0,2202.64,0,10.47,100,98808.12,0,0,321, Wed, 20/11/25, 00:26:52
1606264127,0,2192.98,0,10.36,100,98814.45,0,0,322, Wed, 20/11/25, 00:28:47
1606264219,0,2192.98,0,10.35,100,98815.65,0,0,323, Wed, 20/11/25, 00:30:19
1606264311,0,2202.64,0,10.39,100,98815.94,0,0,324, Wed, 20/11/25, 00:31:51
1606264403,0,2202.64,0,10.48,100,98808.6,0,0,325, Wed, 20/11/25, 00:33:23
1606264495,0,2202.64,0,10.6,100,98810.86,0,0,326, Wed, 20/11/25, 00:34:55
1606264587,0,2212.38,0,10.68,100,98811.8,0,0,327, Wed, 20/11/25, 00:36:27
1606264680,0,2212.38,0,10.6,100,98810.86,0,0,328, Wed, 20/11/25, 00:38:00
1606264773,0,2232.14,0,10.56,100,98816.86,0,0,329, Wed, 20/11/25, 00:39:33
1606264866,0,2232.14,110.64,10.61,100,98818.81,0,0,330, Wed, 20/11/25, 00:41:06
1606264959,0,2232.14,110.86,10.68,100,98809.14,0,0,331, Wed, 20/11/25, 00:42:39
1606265052,0,2232.14,111.08,10.61,100,98806.39,0,0,332, Wed, 20/11/25, 00:44:12
1606265145,0,2232.14,111.25,10.5,100,98807.61,0,0,333, Wed, 20/11/25, 00:45:45
1606265238,0,2242.15,111.48,10.43,100,98806.64,0,0,334, Wed, 20/11/25, 00:47:18
1606265339,0,2252.25,111.73,10.44,100,98794.22,0,0,335, Wed, 20/11/25, 00:48:59
1606265452,0,2252.25,111.93,10.5,100,98800.82,0,0,336, Wed, 20/11/25, 00:50:52
1606265545,0,2252.25,112.13,10.52,100,98799.3,0,0,337, Wed, 20/11/25, 00:52:25
1606265638,0,2252.25,112.35,10.57,100,98792.64,0,0,338, Wed, 20/11/25, 00:53:58
1606265731,0,2262.44,112.56,10.6,100,98794.12,0,0,339, Wed, 20/11/25, 00:55:31
1606265824,0,2262.44,112.71,10.61,100,98793.94,0,0,340, Wed, 20/11/25, 00:57:04
1606265917,0,2262.44,112.96,10.6,100,98788.81,0,0,341, Wed, 20/11/25, 00:58:37
1606266010,0,2272.72,113.14,10.56,100,98795.28,0,0,342, Wed, 20/11/25, 01:00:10
1606266103,0,2272.72,113.37,10.55,100,98793.81,0,0,343, Wed, 20/11/25, 01:01:43
1606266196,0,2272.72,113.58,10.53,100,98793.15,0,0,344, Wed, 20/11/25, 01:03:16
1606266289,0,2293.57,113.76,10.53,100,98786.02,0,0,345, Wed, 20/11/25, 01:04:49
1606266382,0,2283.1,113.97,10.56,100,98788.36,0,0,346, Wed, 20/11/25, 01:06:22
1606266475,0,2283.1,114.2,10.57,100,98783.7,0,0,347, Wed, 20/11/25, 01:07:55
1606266568,0,2293.57,114.39,10.59,100,98781.05,0,0,348, Wed, 20/11/25, 01:09:28
1606266669,0,2293.57,114.6,10.55,100,98775.25,0,0,349, Wed, 20/11/25, 01:11:09
1606266770,0,2293.57,114.83,10.52,100,98777.62,0,0,350, Wed, 20/11/25, 01:12:50
1606266871,0,2293.57,115.04,10.47,100,98782.45,0,0,351, Wed, 20/11/25, 01:14:31
1606266983,0,2293.57,115.31,10.43,100,98785.44,0,0,352, Wed, 20/11/25, 01:16:23
1606267076,0,2304.14,115.5,10.47,100,98786.1,0,0,353, Wed, 20/11/25, 01:17:56
1606267169,0,2314.81,115.68,10.48,100,98782.92,0,0,354, Wed, 20/11/25, 01:19:29
1606267262,0,2304.14,115.92,10.56,100,98776.1,0,0,355, Wed, 20/11/25, 01:21:02
1606267355,0,2314.81,116.14,10.6,100,98776.4,0,0,356, Wed, 20/11/25, 01:22:35
1606267448,0,2325.58,116.3,10.64,100,98772.39,0,0,357, Wed, 20/11/25, 01:24:08
1606267541,0,2314.81,116.52,10.64,100,98758.31,0,0,358, Wed, 20/11/25, 01:25:41
1606267634,0,2325.58,116.74,10.6,100,98765.99,0,0,359, Wed, 20/11/25, 01:27:14
1606267727,0,2336.44,116.9,10.52,100,98765.01,0,0,360, Wed, 20/11/25, 01:28:47
1606267820,0,2336.44,117.12,10.47,100,98766.56,0,0,361, Wed, 20/11/25, 01:30:20
1606267913,0,2336.44,117.34,10.47,100,98770.85,0,0,362, Wed, 20/11/25, 01:31:53
1606268006,0,2336.44,117.56,10.53,100,98761.35,0,0,363, Wed, 20/11/25, 01:33:26
1606268099,0,2336.44,117.73,10.56,100,98758.19,0,0,364, Wed, 20/11/25, 01:34:59
1606268212,0,2347.41,117.95,10.63,100,98754.02,0,0,365, Wed, 20/11/25, 01:36:52
1606268305,110.66,2336.44,118.2,10.6,100,98756.19,0,0,366, Wed, 20/11/25, 01:38:25
1606268398,110.81,2347.41,118.42,10.56,100,98758.19,0,0,367, Wed, 20/11/25, 01:39:58
1606268491,111.01,2347.41,118.59,10.5,100,98760.89,0,0,368, Wed, 20/11/25, 01:41:31
1606268584,111.18,2358.49,118.87,10.5,100,98760.89,0,0,369, Wed, 20/11/25, 01:43:04
1606268677,111.33,2358.49,118.99,10.6,100,98758.82,0,0,370, Wed, 20/11/25, 01:44:37
1606268770,111.5,2358.49,119.21,10.72,100,98760.9,0,0,371, Wed, 20/11/25, 01:46:10
1606268863,111.68,2358.49,119.41,10.81,100,98760.85,0,0,372, Wed, 20/11/25, 01:47:43
1606268956,111.8,2347.41,119.58,10.82,100,98762.31,0,0,373, Wed, 20/11/25, 01:49:16
1606269049,112,2358.49,119.76,10.8,100,98762.65,0,0,374, Wed, 20/11/25, 01:50:49
1606269142,112.2,2369.66,119.99,10.73,100,98757.26,0,0,375, Wed, 20/11/25, 01:52:22
1606269234,112.35,2369.66,120.22,10.72,100,98757.26,0,0,376, Wed, 20/11/25, 01:53:54
1606269327,112.53,2369.66,120.42,10.72,100,98757.08,0,0,377, Wed, 20/11/25, 01:55:27
